Date,Fluorophore,Plate,Well,Content,Treatment,Sporophyte,Subsample,Antibiotic,Concentration,Quenched
24.08.23,4-MU,1,A1,Blank,NA,NA,NA,NA,1,FALSE
24.08.23,4-MU,1,A2,Blank,NA,NA,NA,NA,10,FALSE
24.08.23,4-MU,1,A3,Blank,NA,NA,NA,NA,50,FALSE
24.08.23,4-MU,1,A4,Blank,NA,NA,NA,NA,100,FALSE
24.08.23,4-MU,1,A5,Blank,NA,NA,NA,NA,250,FALSE
24.08.23,4-MU,1,A6,Blank,NA,NA,NA,NA,500,FALSE
24.08.23,4-MU,1,A7,Blank,NA,NA,NA,NA,750,FALSE
24.08.23,4-MU,1,A8,Blank,NA,NA,NA,NA,1000,FALSE
24.08.23,4-MU,1,A9,Blank,NA,NA,NA,NA,1500,FALSE
24.08.23,4-MU,1,A10,Blank,NA,NA,NA,NA,2000,FALSE
24.08.23,4-MU,1,A11,Blank,NA,NA,NA,NA,2500,FALSE
24.08.23,4-MU,1,A12,Blank,NA,NA,NA,NA,3000,FALSE
24.08.23,4-MU,1,B1,Sample,Laminaria digitata,1,1,NA,1,TRUE
24.08.23,4-MU,1,B2,Sample,Laminaria digitata,1,1,NA,10,TRUE
24.08.23,4-MU,1,B3,Sample,Laminaria digitata,1,1,NA,50,TRUE
24.08.23,4-MU,1,B4,Sample,Laminaria digitata,1,1,NA,100,TRUE
24.08.23,4-MU,1,B5,Sample,Laminaria digitata,1,1,NA,250,TRUE
24.08.23,4-MU,1,B6,Sample,Laminaria digitata,1,1,NA,500,TRUE
24.08.23,4-MU,1,B7,Sample,Laminaria digitata,1,1,NA,750,TRUE
24.08.23,4-MU,1,B8,Sample,Laminaria digitata,1,1,NA,1000,TRUE
24.08.23,4-MU,1,B9,Sample,Laminaria digitata,1,1,NA,1500,TRUE
24.08.23,4-MU,1,B10,Sample,Laminaria digitata,1,1,NA,2000,TRUE
24.08.23,4-MU,1,B11,Sample,Laminaria digitata,1,1,NA,2500,TRUE
24.08.23,4-MU,1,B12,Sample,Laminaria digitata,1,1,NA,3000,TRUE
24.08.23,4-MU,1,C1,Sample,Laminaria digitata,1,2,NA,1,TRUE
24.08.23,4-MU,1,C2,Sample,Laminaria digitata,1,2,NA,10,TRUE
24.08.23,4-MU,1,C3,Sample,Laminaria digitata,1,2,NA,50,TRUE
24.08.23,4-MU,1,C4,Sample,Laminaria digitata,1,2,NA,100,TRUE
24.08.23,4-MU,1,C5,Sample,Laminaria digitata,1,2,NA,250,TRUE
24.08.23,4-MU,1,C6,Sample,Laminaria digitata,1,2,NA,500,TRUE
24.08.23,4-MU,1,C7,Sample,Laminaria digitata,1,2,NA,750,TRUE
24.08.23,4-MU,1,C8,Sample,Laminaria digitata,1,2,NA,1000,TRUE
24.08.23,4-MU,1,C9,Sample,Laminaria digitata,1,2,NA,1500,TRUE
24.08.23,4-MU,1,C10,Sample,Laminaria digitata,1,2,NA,2000,TRUE
24.08.23,4-MU,1,C11,Sample,Laminaria digitata,1,2,NA,2500,TRUE
24.08.23,4-MU,1,C12,Sample,Laminaria digitata,1,2,NA,3000,TRUE
24.08.23,4-MU,1,D1,Sample,Laminaria ochroleuca,1,1,NA,1,TRUE
24.08.23,4-MU,1,D2,Sample,Laminaria ochroleuca,1,1,NA,10,TRUE
24.08.23,4-MU,1,D3,Sample,Laminaria ochroleuca,1,1,NA,50,TRUE
24.08.23,4-MU,1,D4,Sample,Laminaria ochroleuca,1,1,NA,100,TRUE
24.08.23,4-MU,1,D5,Sample,Laminaria ochroleuca,1,1,NA,250,TRUE
24.08.23,4-MU,1,D6,Sample,Laminaria ochroleuca,1,1,NA,500,TRUE
24.08.23,4-MU,1,D7,Sample,Laminaria ochroleuca,1,1,NA,750,TRUE
24.08.23,4-MU,1,D8,Sample,Laminaria ochroleuca,1,1,NA,1000,TRUE
24.08.23,4-MU,1,D9,Sample,Laminaria ochroleuca,1,1,NA,1500,TRUE
24.08.23,4-MU,1,D10,Sample,Laminaria ochroleuca,1,1,NA,2000,TRUE
24.08.23,4-MU,1,D11,Sample,Laminaria ochroleuca,1,1,NA,2500,TRUE
24.08.23,4-MU,1,D12,Sample,Laminaria ochroleuca,1,1,NA,3000,TRUE
24.08.23,4-MU,1,E1,Sample,Laminaria ochroleuca,1,2,NA,1,TRUE
24.08.23,4-MU,1,E2,Sample,Laminaria ochroleuca,1,2,NA,10,TRUE
24.08.23,4-MU,1,E3,Sample,Laminaria ochroleuca,1,2,NA,50,TRUE
24.08.23,4-MU,1,E4,Sample,Laminaria ochroleuca,1,2,NA,100,TRUE
24.08.23,4-MU,1,E5,Sample,Laminaria ochroleuca,1,2,NA,250,TRUE
24.08.23,4-MU,1,E6,Sample,Laminaria ochroleuca,1,2,NA,500,TRUE
24.08.23,4-MU,1,E7,Sample,Laminaria ochroleuca,1,2,NA,750,TRUE
24.08.23,4-MU,1,E8,Sample,Laminaria ochroleuca,1,2,NA,1000,TRUE
24.08.23,4-MU,1,E9,Sample,Laminaria ochroleuca,1,2,NA,1500,TRUE
24.08.23,4-MU,1,E10,Sample,Laminaria ochroleuca,1,2,NA,2000,TRUE
24.08.23,4-MU,1,E11,Sample,Laminaria ochroleuca,1,2,NA,2500,TRUE
24.08.23,4-MU,1,E12,Sample,Laminaria ochroleuca,1,2,NA,3000,TRUE
24.08.23,4-MU,1,F1,Sample,Saccorhiza polyschides,1,1,NA,1,TRUE
24.08.23,4-MU,1,F2,Sample,Saccorhiza polyschides,1,1,NA,10,TRUE
24.08.23,4-MU,1,F3,Sample,Saccorhiza polyschides,1,1,NA,50,TRUE
24.08.23,4-MU,1,F4,Sample,Saccorhiza polyschides,1,1,NA,100,TRUE
24.08.23,4-MU,1,F5,Sample,Saccorhiza polyschides,1,1,NA,250,TRUE
24.08.23,4-MU,1,F6,Sample,Saccorhiza polyschides,1,1,NA,500,TRUE
24.08.23,4-MU,1,F7,Sample,Saccorhiza polyschides,1,1,NA,750,TRUE
24.08.23,4-MU,1,F8,Sample,Saccorhiza polyschides,1,1,NA,1000,TRUE
24.08.23,4-MU,1,F9,Sample,Saccorhiza polyschides,1,1,NA,1500,TRUE
24.08.23,4-MU,1,F10,Sample,Saccorhiza polyschides,1,1,NA,2000,TRUE
24.08.23,4-MU,1,F11,Sample,Saccorhiza polyschides,1,1,NA,2500,TRUE
24.08.23,4-MU,1,F12,Sample,Saccorhiza polyschides,1,1,NA,3000,TRUE
24.08.23,4-MU,1,G1,Standard,NA,NA,NA,NA,0,FALSE
24.08.23,4-MU,1,G2,Standard,NA,NA,NA,NA,0,TRUE
24.08.23,4-MU,1,G3,Standard,NA,NA,NA,NA,0.1,FALSE
24.08.23,4-MU,1,G4,Standard,NA,NA,NA,NA,0.1,TRUE
24.08.23,4-MU,1,G5,Standard,NA,NA,NA,NA,0.2,FALSE
24.08.23,4-MU,1,G6,Standard,NA,NA,NA,NA,0.2,TRUE
24.08.23,4-MU,1,G7,Standard,NA,NA,NA,NA,0.5,FALSE
24.08.23,4-MU,1,G8,Standard,NA,NA,NA,NA,0.5,TRUE
24.08.23,4-MU,1,G9,Standard,NA,NA,NA,NA,1,FALSE
24.08.23,4-MU,1,G10,Standard,NA,NA,NA,NA,1,TRUE
24.08.23,4-MU,1,G11,Standard,NA,NA,NA,NA,2,FALSE
24.08.23,4-MU,1,G12,Standard,NA,NA,NA,NA,2,TRUE
24.08.23,4-MU,1,H1,Standard,NA,NA,NA,NA,5,FALSE
24.08.23,4-MU,1,H2,Standard,NA,NA,NA,NA,5,TRUE
24.08.23,4-MU,1,H3,Standard,NA,NA,NA,NA,10,FALSE
24.08.23,4-MU,1,H4,Standard,NA,NA,NA,NA,10,TRUE
24.08.23,4-MU,1,H5,Standard,NA,NA,NA,NA,20,FALSE
24.08.23,4-MU,1,H6,Standard,NA,NA,NA,NA,20,TRUE
24.08.23,4-MU,1,H7,Standard,NA,NA,NA,NA,50,FALSE
24.08.23,4-MU,1,H8,Standard,NA,NA,NA,NA,50,TRUE
24.08.23,4-MU,1,H9,Standard,NA,NA,NA,NA,100,FALSE
24.08.23,4-MU,1,H10,Standard,NA,NA,NA,NA,100,TRUE
24.08.23,4-MU,1,H11,Standard,NA,NA,NA,NA,150,FALSE
24.08.23,4-MU,1,H12,Standard,NA,NA,NA,NA,150,TRUE
24.08.23,AMC,2,A1,Blank,NA,NA,NA,NA,1,FALSE
24.08.23,AMC,2,A2,Blank,NA,NA,NA,NA,10,FALSE
24.08.23,AMC,2,A3,Blank,NA,NA,NA,NA,50,FALSE
24.08.23,AMC,2,A4,Blank,NA,NA,NA,NA,100,FALSE
24.08.23,AMC,2,A5,Blank,NA,NA,NA,NA,250,FALSE
24.08.23,AMC,2,A6,Blank,NA,NA,NA,NA,500,FALSE
24.08.23,AMC,2,A7,Blank,NA,NA,NA,NA,750,FALSE
24.08.23,AMC,2,A8,Blank,NA,NA,NA,NA,1000,FALSE
24.08.23,AMC,2,A9,Blank,NA,NA,NA,NA,1500,FALSE
24.08.23,AMC,2,A10,Blank,NA,NA,NA,NA,2000,FALSE
24.08.23,AMC,2,A11,Blank,NA,NA,NA,NA,2500,FALSE
24.08.23,AMC,2,A12,Blank,NA,NA,NA,NA,3000,FALSE
24.08.23,AMC,2,B1,Sample,Laminaria digitata,1,1,NA,1,TRUE
24.08.23,AMC,2,B2,Sample,Laminaria digitata,1,1,NA,10,TRUE
24.08.23,AMC,2,B3,Sample,Laminaria digitata,1,1,NA,50,TRUE
24.08.23,AMC,2,B4,Sample,Laminaria digitata,1,1,NA,100,TRUE
24.08.23,AMC,2,B5,Sample,Laminaria digitata,1,1,NA,250,TRUE
24.08.23,AMC,2,B6,Sample,Laminaria digitata,1,1,NA,500,TRUE
24.08.23,AMC,2,B7,Sample,Laminaria digitata,1,1,NA,750,TRUE
24.08.23,AMC,2,B8,Sample,Laminaria digitata,1,1,NA,1000,TRUE
24.08.23,AMC,2,B9,Sample,Laminaria digitata,1,1,NA,1500,TRUE
24.08.23,AMC,2,B10,Sample,Laminaria digitata,1,1,NA,2000,TRUE
24.08.23,AMC,2,B11,Sample,Laminaria digitata,1,1,NA,2500,TRUE
24.08.23,AMC,2,B12,Sample,Laminaria digitata,1,1,NA,3000,TRUE
24.08.23,AMC,2,C1,Sample,Laminaria digitata,1,2,NA,1,TRUE
24.08.23,AMC,2,C2,Sample,Laminaria digitata,1,2,NA,10,TRUE
24.08.23,AMC,2,C3,Sample,Laminaria digitata,1,2,NA,50,TRUE
24.08.23,AMC,2,C4,Sample,Laminaria digitata,1,2,NA,100,TRUE
24.08.23,AMC,2,C5,Sample,Laminaria digitata,1,2,NA,250,TRUE
24.08.23,AMC,2,C6,Sample,Laminaria digitata,1,2,NA,500,TRUE
24.08.23,AMC,2,C7,Sample,Laminaria digitata,1,2,NA,750,TRUE
24.08.23,AMC,2,C8,Sample,Laminaria digitata,1,2,NA,1000,TRUE
24.08.23,AMC,2,C9,Sample,Laminaria digitata,1,2,NA,1500,TRUE
24.08.23,AMC,2,C10,Sample,Laminaria digitata,1,2,NA,2000,TRUE
24.08.23,AMC,2,C11,Sample,Laminaria digitata,1,2,NA,2500,TRUE
24.08.23,AMC,2,C12,Sample,Laminaria digitata,1,2,NA,3000,TRUE
24.08.23,AMC,2,D1,Sample,Laminaria ochroleuca,1,1,NA,1,TRUE
24.08.23,AMC,2,D2,Sample,Laminaria ochroleuca,1,1,NA,10,TRUE
24.08.23,AMC,2,D3,Sample,Laminaria ochroleuca,1,1,NA,50,TRUE
24.08.23,AMC,2,D4,Sample,Laminaria ochroleuca,1,1,NA,100,TRUE
24.08.23,AMC,2,D5,Sample,Laminaria ochroleuca,1,1,NA,250,TRUE
24.08.23,AMC,2,D6,Sample,Laminaria ochroleuca,1,1,NA,500,TRUE
24.08.23,AMC,2,D7,Sample,Laminaria ochroleuca,1,1,NA,750,TRUE
24.08.23,AMC,2,D8,Sample,Laminaria ochroleuca,1,1,NA,1000,TRUE
24.08.23,AMC,2,D9,Sample,Laminaria ochroleuca,1,1,NA,1500,TRUE
24.08.23,AMC,2,D10,Sample,Laminaria ochroleuca,1,1,NA,2000,TRUE
24.08.23,AMC,2,D11,Sample,Laminaria ochroleuca,1,1,NA,2500,TRUE
24.08.23,AMC,2,D12,Sample,Laminaria ochroleuca,1,1,NA,3000,TRUE
24.08.23,AMC,2,E1,Sample,Laminaria ochroleuca,1,2,NA,1,TRUE
24.08.23,AMC,2,E2,Sample,Laminaria ochroleuca,1,2,NA,10,TRUE
24.08.23,AMC,2,E3,Sample,Laminaria ochroleuca,1,2,NA,50,TRUE
24.08.23,AMC,2,E4,Sample,Laminaria ochroleuca,1,2,NA,100,TRUE
24.08.23,AMC,2,E5,Sample,Laminaria ochroleuca,1,2,NA,250,TRUE
24.08.23,AMC,2,E6,Sample,Laminaria ochroleuca,1,2,NA,500,TRUE
24.08.23,AMC,2,E7,Sample,Laminaria ochroleuca,1,2,NA,750,TRUE
24.08.23,AMC,2,E8,Sample,Laminaria ochroleuca,1,2,NA,1000,TRUE
24.08.23,AMC,2,E9,Sample,Laminaria ochroleuca,1,2,NA,1500,TRUE
24.08.23,AMC,2,E10,Sample,Laminaria ochroleuca,1,2,NA,2000,TRUE
24.08.23,AMC,2,E11,Sample,Laminaria ochroleuca,1,2,NA,2500,TRUE
24.08.23,AMC,2,E12,Sample,Laminaria ochroleuca,1,2,NA,3000,TRUE
24.08.23,AMC,2,F1,Sample,Saccorhiza polyschides,1,1,NA,1,TRUE
24.08.23,AMC,2,F2,Sample,Saccorhiza polyschides,1,1,NA,10,TRUE
24.08.23,AMC,2,F3,Sample,Saccorhiza polyschides,1,1,NA,50,TRUE
24.08.23,AMC,2,F4,Sample,Saccorhiza polyschides,1,1,NA,100,TRUE
24.08.23,AMC,2,F5,Sample,Saccorhiza polyschides,1,1,NA,250,TRUE
24.08.23,AMC,2,F6,Sample,Saccorhiza polyschides,1,1,NA,500,TRUE
24.08.23,AMC,2,F7,Sample,Saccorhiza polyschides,1,1,NA,750,TRUE
24.08.23,AMC,2,F8,Sample,Saccorhiza polyschides,1,1,NA,1000,TRUE
24.08.23,AMC,2,F9,Sample,Saccorhiza polyschides,1,1,NA,1500,TRUE
24.08.23,AMC,2,F10,Sample,Saccorhiza polyschides,1,1,NA,2000,TRUE
24.08.23,AMC,2,F11,Sample,Saccorhiza polyschides,1,1,NA,2500,TRUE
24.08.23,AMC,2,F12,Sample,Saccorhiza polyschides,1,1,NA,3000,TRUE
24.08.23,AMC,2,G1,Standard,NA,NA,NA,NA,0,FALSE
24.08.23,AMC,2,G2,Standard,NA,NA,NA,NA,0,TRUE
24.08.23,AMC,2,G3,Standard,NA,NA,NA,NA,0.1,FALSE
24.08.23,AMC,2,G4,Standard,NA,NA,NA,NA,0.1,TRUE
24.08.23,AMC,2,G5,Standard,NA,NA,NA,NA,0.2,FALSE
24.08.23,AMC,2,G6,Standard,NA,NA,NA,NA,0.2,TRUE
24.08.23,AMC,2,G7,Standard,NA,NA,NA,NA,0.5,FALSE
24.08.23,AMC,2,G8,Standard,NA,NA,NA,NA,0.5,TRUE
24.08.23,AMC,2,G9,Standard,NA,NA,NA,NA,1,FALSE
24.08.23,AMC,2,G10,Standard,NA,NA,NA,NA,1,TRUE
24.08.23,AMC,2,G11,Standard,NA,NA,NA,NA,2,FALSE
24.08.23,AMC,2,G12,Standard,NA,NA,NA,NA,2,TRUE
24.08.23,AMC,2,H1,Standard,NA,NA,NA,NA,5,FALSE
24.08.23,AMC,2,H2,Standard,NA,NA,NA,NA,5,TRUE
24.08.23,AMC,2,H3,Standard,NA,NA,NA,NA,10,FALSE
24.08.23,AMC,2,H4,Standard,NA,NA,NA,NA,10,TRUE
24.08.23,AMC,2,H5,Standard,NA,NA,NA,NA,20,FALSE
24.08.23,AMC,2,H6,Standard,NA,NA,NA,NA,20,TRUE
24.08.23,AMC,2,H7,Standard,NA,NA,NA,NA,50,FALSE
24.08.23,AMC,2,H8,Standard,NA,NA,NA,NA,50,TRUE
24.08.23,AMC,2,H9,Standard,NA,NA,NA,NA,100,FALSE
24.08.23,AMC,2,H10,Standard,NA,NA,NA,NA,100,TRUE
24.08.23,AMC,2,H11,Standard,NA,NA,NA,NA,150,FALSE
24.08.23,AMC,2,H12,Standard,NA,NA,NA,NA,150,TRUE
26.08.23,4-MU,1,A1,Sample,Laminaria ochroleuca,1,1,Penicillin 0,2000,TRUE
26.08.23,4-MU,1,A2,Sample,Laminaria ochroleuca,1,1,Penicillin 0.5,2000,TRUE
26.08.23,4-MU,1,A3,Sample,Laminaria ochroleuca,1,1,Penicillin 1,2000,TRUE
26.08.23,4-MU,1,A4,Sample,Laminaria ochroleuca,1,1,Penicillin 5,2000,TRUE
26.08.23,4-MU,1,A5,Sample,Laminaria ochroleuca,1,1,Penicillin 10,2000,TRUE
26.08.23,4-MU,1,A6,Sample,Laminaria ochroleuca,1,1,Penicillin 50,2000,TRUE
26.08.23,4-MU,1,A7,Sample,Laminaria ochroleuca,1,1,Penicillin 100,2000,TRUE
26.08.23,4-MU,1,A8,Sample,Laminaria ochroleuca,1,1,Penicillin 500,2000,TRUE
26.08.23,4-MU,1,A9,Sample,Laminaria ochroleuca,1,1,Penicillin 1000,2000,TRUE
26.08.23,4-MU,1,A10,Sample,Laminaria ochroleuca,1,1,Penicillin 5000,2000,TRUE
26.08.23,4-MU,1,A11,Sample,Laminaria ochroleuca,1,1,Penicillin 10000,2000,TRUE
26.08.23,4-MU,1,A12,Sample,Laminaria ochroleuca,1,1,Penicillin 50000,2000,TRUE
26.08.23,4-MU,1,B1,Sample,Laminaria ochroleuca,1,1,Nystatin 0,2000,TRUE
26.08.23,4-MU,1,B2,Sample,Laminaria ochroleuca,1,1,Nystatin 0.5,2000,TRUE
26.08.23,4-MU,1,B3,Sample,Laminaria ochroleuca,1,1,Nystatin 1,2000,TRUE
26.08.23,4-MU,1,B4,Sample,Laminaria ochroleuca,1,1,Nystatin 5,2000,TRUE
26.08.23,4-MU,1,B5,Sample,Laminaria ochroleuca,1,1,Nystatin 10,2000,TRUE
26.08.23,4-MU,1,B6,Sample,Laminaria ochroleuca,1,1,Nystatin 50,2000,TRUE
26.08.23,4-MU,1,B7,Sample,Laminaria ochroleuca,1,1,Nystatin 100,2000,TRUE
26.08.23,4-MU,1,B8,Sample,Laminaria ochroleuca,1,1,Nystatin 500,2000,TRUE
26.08.23,4-MU,1,B9,Sample,Laminaria ochroleuca,1,1,Nystatin 1000,2000,TRUE
26.08.23,4-MU,1,B10,Sample,Laminaria ochroleuca,1,1,Nystatin 5000,2000,TRUE
26.08.23,4-MU,1,B11,Sample,Laminaria ochroleuca,1,1,Nystatin 10000,2000,TRUE
26.08.23,4-MU,1,B12,Sample,Laminaria ochroleuca,1,1,Nystatin 50000,2000,TRUE
26.08.23,4-MU,1,C1,Sample,Laminaria ochroleuca,1,2,Penicillin 0,2000,TRUE
26.08.23,4-MU,1,C2,Sample,Laminaria ochroleuca,1,2,Penicillin 0.5,2000,TRUE
26.08.23,4-MU,1,C3,Sample,Laminaria ochroleuca,1,2,Penicillin 1,2000,TRUE
26.08.23,4-MU,1,C4,Sample,Laminaria ochroleuca,1,2,Penicillin 5,2000,TRUE
26.08.23,4-MU,1,C5,Sample,Laminaria ochroleuca,1,2,Penicillin 10,2000,TRUE
26.08.23,4-MU,1,C6,Sample,Laminaria ochroleuca,1,2,Penicillin 50,2000,TRUE
26.08.23,4-MU,1,C7,Sample,Laminaria ochroleuca,1,2,Penicillin 100,2000,TRUE
26.08.23,4-MU,1,C8,Sample,Laminaria ochroleuca,1,2,Penicillin 500,2000,TRUE
26.08.23,4-MU,1,C9,Sample,Laminaria ochroleuca,1,2,Penicillin 1000,2000,TRUE
26.08.23,4-MU,1,C10,Sample,Laminaria ochroleuca,1,2,Penicillin 5000,2000,TRUE
26.08.23,4-MU,1,C11,Sample,Laminaria ochroleuca,1,2,Penicillin 10000,2000,TRUE
26.08.23,4-MU,1,C12,Sample,Laminaria ochroleuca,1,2,Penicillin 50000,2000,TRUE
26.08.23,4-MU,1,D1,Sample,Laminaria ochroleuca,1,2,Nystatin 0,2000,TRUE
26.08.23,4-MU,1,D2,Sample,Laminaria ochroleuca,1,2,Nystatin 0.5,2000,TRUE
26.08.23,4-MU,1,D3,Sample,Laminaria ochroleuca,1,2,Nystatin 1,2000,TRUE
26.08.23,4-MU,1,D4,Sample,Laminaria ochroleuca,1,2,Nystatin 5,2000,TRUE
26.08.23,4-MU,1,D5,Sample,Laminaria ochroleuca,1,2,Nystatin 10,2000,TRUE
26.08.23,4-MU,1,D6,Sample,Laminaria ochroleuca,1,2,Nystatin 50,2000,TRUE
26.08.23,4-MU,1,D7,Sample,Laminaria ochroleuca,1,2,Nystatin 100,2000,TRUE
26.08.23,4-MU,1,D8,Sample,Laminaria ochroleuca,1,2,Nystatin 500,2000,TRUE
26.08.23,4-MU,1,D9,Sample,Laminaria ochroleuca,1,2,Nystatin 1000,2000,TRUE
26.08.23,4-MU,1,D10,Sample,Laminaria ochroleuca,1,2,Nystatin 5000,2000,TRUE
26.08.23,4-MU,1,D11,Sample,Laminaria ochroleuca,1,2,Nystatin 10000,2000,TRUE
26.08.23,4-MU,1,D12,Sample,Laminaria ochroleuca,1,2,Nystatin 50000,2000,TRUE
26.08.23,4-MU,1,E1,Sample,Laminaria ochroleuca,1,3,Penicillin 0,2000,TRUE
26.08.23,4-MU,1,E2,Sample,Laminaria ochroleuca,1,3,Penicillin 0.5,2000,TRUE
26.08.23,4-MU,1,E3,Sample,Laminaria ochroleuca,1,3,Penicillin 1,2000,TRUE
26.08.23,4-MU,1,E4,Sample,Laminaria ochroleuca,1,3,Penicillin 5,2000,TRUE
26.08.23,4-MU,1,E5,Sample,Laminaria ochroleuca,1,3,Penicillin 10,2000,TRUE
26.08.23,4-MU,1,E6,Sample,Laminaria ochroleuca,1,3,Penicillin 50,2000,TRUE
26.08.23,4-MU,1,E7,Sample,Laminaria ochroleuca,1,3,Penicillin 100,2000,TRUE
26.08.23,4-MU,1,E8,Sample,Laminaria ochroleuca,1,3,Penicillin 500,2000,TRUE
26.08.23,4-MU,1,E9,Sample,Laminaria ochroleuca,1,3,Penicillin 1000,2000,TRUE
26.08.23,4-MU,1,E10,Sample,Laminaria ochroleuca,1,3,Penicillin 5000,2000,TRUE
26.08.23,4-MU,1,E11,Sample,Laminaria ochroleuca,1,3,Penicillin 10000,2000,TRUE
26.08.23,4-MU,1,E12,Sample,Laminaria ochroleuca,1,3,Penicillin 50000,2000,TRUE
26.08.23,4-MU,1,F1,Sample,Laminaria ochroleuca,1,3,Nystatin 0,2000,TRUE
26.08.23,4-MU,1,F2,Sample,Laminaria ochroleuca,1,3,Nystatin 0.5,2000,TRUE
26.08.23,4-MU,1,F3,Sample,Laminaria ochroleuca,1,3,Nystatin 1,2000,TRUE
26.08.23,4-MU,1,F4,Sample,Laminaria ochroleuca,1,3,Nystatin 5,2000,TRUE
26.08.23,4-MU,1,F5,Sample,Laminaria ochroleuca,1,3,Nystatin 10,2000,TRUE
26.08.23,4-MU,1,F6,Sample,Laminaria ochroleuca,1,3,Nystatin 50,2000,TRUE
26.08.23,4-MU,1,F7,Sample,Laminaria ochroleuca,1,3,Nystatin 100,2000,TRUE
26.08.23,4-MU,1,F8,Sample,Laminaria ochroleuca,1,3,Nystatin 500,2000,TRUE
26.08.23,4-MU,1,F9,Sample,Laminaria ochroleuca,1,3,Nystatin 1000,2000,TRUE
26.08.23,4-MU,1,F10,Sample,Laminaria ochroleuca,1,3,Nystatin 5000,2000,TRUE
26.08.23,4-MU,1,F11,Sample,Laminaria ochroleuca,1,3,Nystatin 10000,2000,TRUE
26.08.23,4-MU,1,F12,Sample,Laminaria ochroleuca,1,3,Nystatin 50000,2000,TRUE
26.08.23,4-MU,1,G1,Blank,NA,NA,NA,NA,2000,FALSE
26.08.23,4-MU,1,G2,Standard,NA,NA,NA,NA,0,FALSE
26.08.23,4-MU,1,G3,Standard,Laminaria ochroleuca,1,NA,NA,0,TRUE
26.08.23,4-MU,1,G4,Standard,NA,NA,NA,NA,0.1,FALSE
26.08.23,4-MU,1,G5,Standard,Laminaria ochroleuca,1,NA,NA,0.1,TRUE
26.08.23,4-MU,1,G6,Standard,NA,NA,NA,NA,0.2,FALSE
26.08.23,4-MU,1,G7,Standard,Laminaria ochroleuca,1,NA,NA,0.2,TRUE
26.08.23,4-MU,1,G8,Standard,NA,NA,NA,NA,0.5,FALSE
26.08.23,4-MU,1,G9,Standard,Laminaria ochroleuca,1,NA,NA,0.5,TRUE
26.08.23,4-MU,1,G10,Standard,NA,NA,NA,NA,1,FALSE
26.08.23,4-MU,1,G11,Standard,Laminaria ochroleuca,1,NA,NA,1,TRUE
26.08.23,4-MU,1,G12,Standard,NA,NA,NA,NA,2,FALSE
26.08.23,4-MU,1,H1,Standard,Laminaria ochroleuca,1,NA,NA,2,TRUE
26.08.23,4-MU,1,H2,Standard,NA,NA,NA,NA,5,FALSE
26.08.23,4-MU,1,H3,Standard,Laminaria ochroleuca,1,NA,NA,5,TRUE
26.08.23,4-MU,1,H4,Standard,NA,NA,NA,NA,10,FALSE
26.08.23,4-MU,1,H5,Standard,Laminaria ochroleuca,1,NA,NA,10,TRUE
26.08.23,4-MU,1,H6,Standard,NA,NA,NA,NA,20,FALSE
26.08.23,4-MU,1,H7,Standard,Laminaria ochroleuca,1,NA,NA,20,TRUE
26.08.23,4-MU,1,H8,Standard,NA,NA,NA,NA,50,FALSE
26.08.23,4-MU,1,H9,Standard,Laminaria ochroleuca,1,NA,NA,50,TRUE
26.08.23,4-MU,1,H10,Standard,NA,NA,NA,NA,100,FALSE
26.08.23,4-MU,1,H11,Standard,Laminaria ochroleuca,1,NA,NA,100,TRUE
26.08.23,4-MU,1,H12,Standard,Laminaria ochroleuca,1,NA,NA,150,TRUE
26.08.23,AMC,2,A1,Sample,Laminaria ochroleuca,1,1,Penicillin 0,2000,TRUE
26.08.23,AMC,2,A2,Sample,Laminaria ochroleuca,1,1,Penicillin 0.5,2000,TRUE
26.08.23,AMC,2,A3,Sample,Laminaria ochroleuca,1,1,Penicillin 1,2000,TRUE
26.08.23,AMC,2,A4,Sample,Laminaria ochroleuca,1,1,Penicillin 5,2000,TRUE
26.08.23,AMC,2,A5,Sample,Laminaria ochroleuca,1,1,Penicillin 10,2000,TRUE
26.08.23,AMC,2,A6,Sample,Laminaria ochroleuca,1,1,Penicillin 50,2000,TRUE
26.08.23,AMC,2,A7,Sample,Laminaria ochroleuca,1,1,Penicillin 100,2000,TRUE
26.08.23,AMC,2,A8,Sample,Laminaria ochroleuca,1,1,Penicillin 500,2000,TRUE
26.08.23,AMC,2,A9,Sample,Laminaria ochroleuca,1,1,Penicillin 1000,2000,TRUE
26.08.23,AMC,2,A10,Sample,Laminaria ochroleuca,1,1,Penicillin 5000,2000,TRUE
26.08.23,AMC,2,A11,Sample,Laminaria ochroleuca,1,1,Penicillin 10000,2000,TRUE
26.08.23,AMC,2,A12,Sample,Laminaria ochroleuca,1,1,Penicillin 50000,2000,TRUE
26.08.23,AMC,2,B1,Sample,Laminaria ochroleuca,1,1,Nystatin 0,2000,TRUE
26.08.23,AMC,2,B2,Sample,Laminaria ochroleuca,1,1,Nystatin 0.5,2000,TRUE
26.08.23,AMC,2,B3,Sample,Laminaria ochroleuca,1,1,Nystatin 1,2000,TRUE
26.08.23,AMC,2,B4,Sample,Laminaria ochroleuca,1,1,Nystatin 5,2000,TRUE
26.08.23,AMC,2,B5,Sample,Laminaria ochroleuca,1,1,Nystatin 10,2000,TRUE
26.08.23,AMC,2,B6,Sample,Laminaria ochroleuca,1,1,Nystatin 50,2000,TRUE
26.08.23,AMC,2,B7,Sample,Laminaria ochroleuca,1,1,Nystatin 100,2000,TRUE
26.08.23,AMC,2,B8,Sample,Laminaria ochroleuca,1,1,Nystatin 500,2000,TRUE
26.08.23,AMC,2,B9,Sample,Laminaria ochroleuca,1,1,Nystatin 1000,2000,TRUE
26.08.23,AMC,2,B10,Sample,Laminaria ochroleuca,1,1,Nystatin 5000,2000,TRUE
26.08.23,AMC,2,B11,Sample,Laminaria ochroleuca,1,1,Nystatin 10000,2000,TRUE
26.08.23,AMC,2,B12,Sample,Laminaria ochroleuca,1,1,Nystatin 50000,2000,TRUE
26.08.23,AMC,2,C1,Sample,Laminaria ochroleuca,1,2,Penicillin 0,2000,TRUE
26.08.23,AMC,2,C2,Sample,Laminaria ochroleuca,1,2,Penicillin 0.5,2000,TRUE
26.08.23,AMC,2,C3,Sample,Laminaria ochroleuca,1,2,Penicillin 1,2000,TRUE
26.08.23,AMC,2,C4,Sample,Laminaria ochroleuca,1,2,Penicillin 5,2000,TRUE
26.08.23,AMC,2,C5,Sample,Laminaria ochroleuca,1,2,Penicillin 10,2000,TRUE
26.08.23,AMC,2,C6,Sample,Laminaria ochroleuca,1,2,Penicillin 50,2000,TRUE
26.08.23,AMC,2,C7,Sample,Laminaria ochroleuca,1,2,Penicillin 100,2000,TRUE
26.08.23,AMC,2,C8,Sample,Laminaria ochroleuca,1,2,Penicillin 500,2000,TRUE
26.08.23,AMC,2,C9,Sample,Laminaria ochroleuca,1,2,Penicillin 1000,2000,TRUE
26.08.23,AMC,2,C10,Sample,Laminaria ochroleuca,1,2,Penicillin 5000,2000,TRUE
26.08.23,AMC,2,C11,Sample,Laminaria ochroleuca,1,2,Penicillin 10000,2000,TRUE
26.08.23,AMC,2,C12,Sample,Laminaria ochroleuca,1,2,Penicillin 50000,2000,TRUE
26.08.23,AMC,2,D1,Sample,Laminaria ochroleuca,1,2,Nystatin 0,2000,TRUE
26.08.23,AMC,2,D2,Sample,Laminaria ochroleuca,1,2,Nystatin 0.5,2000,TRUE
26.08.23,AMC,2,D3,Sample,Laminaria ochroleuca,1,2,Nystatin 1,2000,TRUE
26.08.23,AMC,2,D4,Sample,Laminaria ochroleuca,1,2,Nystatin 5,2000,TRUE
26.08.23,AMC,2,D5,Sample,Laminaria ochroleuca,1,2,Nystatin 10,2000,TRUE
26.08.23,AMC,2,D6,Sample,Laminaria ochroleuca,1,2,Nystatin 50,2000,TRUE
26.08.23,AMC,2,D7,Sample,Laminaria ochroleuca,1,2,Nystatin 100,2000,TRUE
26.08.23,AMC,2,D8,Sample,Laminaria ochroleuca,1,2,Nystatin 500,2000,TRUE
26.08.23,AMC,2,D9,Sample,Laminaria ochroleuca,1,2,Nystatin 1000,2000,TRUE
26.08.23,AMC,2,D10,Sample,Laminaria ochroleuca,1,2,Nystatin 5000,2000,TRUE
26.08.23,AMC,2,D11,Sample,Laminaria ochroleuca,1,2,Nystatin 10000,2000,TRUE
26.08.23,AMC,2,D12,Sample,Laminaria ochroleuca,1,2,Nystatin 50000,2000,TRUE
26.08.23,AMC,2,E1,Sample,Laminaria ochroleuca,1,3,Penicillin 0,2000,TRUE
26.08.23,AMC,2,E2,Sample,Laminaria ochroleuca,1,3,Penicillin 0.5,2000,TRUE
26.08.23,AMC,2,E3,Sample,Laminaria ochroleuca,1,3,Penicillin 1,2000,TRUE
26.08.23,AMC,2,E4,Sample,Laminaria ochroleuca,1,3,Penicillin 5,2000,TRUE
26.08.23,AMC,2,E5,Sample,Laminaria ochroleuca,1,3,Penicillin 10,2000,TRUE
26.08.23,AMC,2,E6,Sample,Laminaria ochroleuca,1,3,Penicillin 50,2000,TRUE
26.08.23,AMC,2,E7,Sample,Laminaria ochroleuca,1,3,Penicillin 100,2000,TRUE
26.08.23,AMC,2,E8,Sample,Laminaria ochroleuca,1,3,Penicillin 500,2000,TRUE
26.08.23,AMC,2,E9,Sample,Laminaria ochroleuca,1,3,Penicillin 1000,2000,TRUE
26.08.23,AMC,2,E10,Sample,Laminaria ochroleuca,1,3,Penicillin 5000,2000,TRUE
26.08.23,AMC,2,E11,Sample,Laminaria ochroleuca,1,3,Penicillin 10000,2000,TRUE
26.08.23,AMC,2,E12,Sample,Laminaria ochroleuca,1,3,Penicillin 50000,2000,TRUE
26.08.23,AMC,2,F1,Sample,Laminaria ochroleuca,1,3,Nystatin 0,2000,TRUE
26.08.23,AMC,2,F2,Sample,Laminaria ochroleuca,1,3,Nystatin 0.5,2000,TRUE
26.08.23,AMC,2,F3,Sample,Laminaria ochroleuca,1,3,Nystatin 1,2000,TRUE
26.08.23,AMC,2,F4,Sample,Laminaria ochroleuca,1,3,Nystatin 5,2000,TRUE
26.08.23,AMC,2,F5,Sample,Laminaria ochroleuca,1,3,Nystatin 10,2000,TRUE
26.08.23,AMC,2,F6,Sample,Laminaria ochroleuca,1,3,Nystatin 50,2000,TRUE
26.08.23,AMC,2,F7,Sample,Laminaria ochroleuca,1,3,Nystatin 100,2000,TRUE
26.08.23,AMC,2,F8,Sample,Laminaria ochroleuca,1,3,Nystatin 500,2000,TRUE
26.08.23,AMC,2,F9,Sample,Laminaria ochroleuca,1,3,Nystatin 1000,2000,TRUE
26.08.23,AMC,2,F10,Sample,Laminaria ochroleuca,1,3,Nystatin 5000,2000,TRUE
26.08.23,AMC,2,F11,Sample,Laminaria ochroleuca,1,3,Nystatin 10000,2000,TRUE
26.08.23,AMC,2,F12,Sample,Laminaria ochroleuca,1,3,Nystatin 50000,2000,TRUE
26.08.23,AMC,2,G1,Blank,NA,NA,NA,NA,2000,FALSE
26.08.23,AMC,2,G2,Standard,NA,NA,NA,NA,0,FALSE
26.08.23,AMC,2,G3,Standard,Laminaria ochroleuca,1,NA,NA,0,TRUE
26.08.23,AMC,2,G4,Standard,NA,NA,NA,NA,0.1,FALSE
26.08.23,AMC,2,G5,Standard,Laminaria ochroleuca,1,NA,NA,0.1,TRUE
26.08.23,AMC,2,G6,Standard,NA,NA,NA,NA,0.2,FALSE
26.08.23,AMC,2,G7,Standard,Laminaria ochroleuca,1,NA,NA,0.2,TRUE
26.08.23,AMC,2,G8,Standard,NA,NA,NA,NA,0.5,FALSE
26.08.23,AMC,2,G9,Standard,Laminaria ochroleuca,1,NA,NA,0.5,TRUE
26.08.23,AMC,2,G10,Standard,NA,NA,NA,NA,1,FALSE
26.08.23,AMC,2,G11,Standard,Laminaria ochroleuca,1,NA,NA,1,TRUE
26.08.23,AMC,2,G12,Standard,NA,NA,NA,NA,2,FALSE
26.08.23,AMC,2,H1,Standard,Laminaria ochroleuca,1,NA,NA,2,TRUE
26.08.23,AMC,2,H2,Standard,NA,NA,NA,NA,5,FALSE
26.08.23,AMC,2,H3,Standard,Laminaria ochroleuca,1,NA,NA,5,TRUE
26.08.23,AMC,2,H4,Standard,NA,NA,NA,NA,10,FALSE
26.08.23,AMC,2,H5,Standard,Laminaria ochroleuca,1,NA,NA,10,TRUE
26.08.23,AMC,2,H6,Standard,NA,NA,NA,NA,20,FALSE
26.08.23,AMC,2,H7,Standard,Laminaria ochroleuca,1,NA,NA,20,TRUE
26.08.23,AMC,2,H8,Standard,NA,NA,NA,NA,50,FALSE
26.08.23,AMC,2,H9,Standard,Laminaria ochroleuca,1,NA,NA,50,TRUE
26.08.23,AMC,2,H10,Standard,NA,NA,NA,NA,100,FALSE
26.08.23,AMC,2,H11,Standard,Laminaria ochroleuca,1,NA,NA,100,TRUE
26.08.23,AMC,2,H12,Standard,Laminaria ochroleuca,1,NA,NA,150,TRUE
30.08.23,AMC,1,A1,Sample,Saccharina latissima,1,Basal,Penicillin 0,2000,TRUE
30.08.23,AMC,1,A2,Sample,Saccharina latissima,1,Basal,Penicillin 0.5,2000,TRUE
30.08.23,AMC,1,A3,Sample,Saccharina latissima,1,Basal,Penicillin 1,2000,TRUE
30.08.23,AMC,1,A4,Sample,Saccharina latissima,1,Basal,Penicillin 5,2000,TRUE
30.08.23,AMC,1,A5,Sample,Saccharina latissima,1,Basal,Penicillin 10,2000,TRUE
30.08.23,AMC,1,A6,Sample,Saccharina latissima,1,Basal,Penicillin 50,2000,TRUE
30.08.23,AMC,1,A7,Sample,Saccharina latissima,1,Basal,Penicillin 100,2000,TRUE
30.08.23,AMC,1,A8,Sample,Saccharina latissima,1,Basal,Penicillin 500,2000,TRUE
30.08.23,AMC,1,A9,Sample,Saccharina latissima,1,Basal,Penicillin 1000,2000,TRUE
30.08.23,AMC,1,A10,Sample,Saccharina latissima,1,Basal,Penicillin 5000,2000,TRUE
30.08.23,AMC,1,A11,Sample,Saccharina latissima,1,Basal,Penicillin 10000,2000,TRUE
30.08.23,AMC,1,A12,Sample,Saccharina latissima,1,Basal,Penicillin 50000,2000,TRUE
30.08.23,AMC,1,B1,Sample,Saccharina latissima,1,Basal,Nystatin 0,2000,TRUE
30.08.23,AMC,1,B2,Sample,Saccharina latissima,1,Basal,Nystatin 0.5,2000,TRUE
30.08.23,AMC,1,B3,Sample,Saccharina latissima,1,Basal,Nystatin 1,2000,TRUE
30.08.23,AMC,1,B4,Sample,Saccharina latissima,1,Basal,Nystatin 5,2000,TRUE
30.08.23,AMC,1,B5,Sample,Saccharina latissima,1,Basal,Nystatin 10,2000,TRUE
30.08.23,AMC,1,B6,Sample,Saccharina latissima,1,Basal,Nystatin 50,2000,TRUE
30.08.23,AMC,1,B7,Sample,Saccharina latissima,1,Basal,Nystatin 100,2000,TRUE
30.08.23,AMC,1,B8,Sample,Saccharina latissima,1,Basal,Nystatin 500,2000,TRUE
30.08.23,AMC,1,B9,Sample,Saccharina latissima,1,Basal,Nystatin 1000,2000,TRUE
30.08.23,AMC,1,B10,Sample,Saccharina latissima,1,Basal,Nystatin 5000,2000,TRUE
30.08.23,AMC,1,B11,Sample,Saccharina latissima,1,Basal,Nystatin 10000,2000,TRUE
30.08.23,AMC,1,B12,Sample,Saccharina latissima,1,Basal,Nystatin 50000,2000,TRUE
30.08.23,AMC,1,C1,Sample,Saccharina latissima,1,Basal,Penicillin + Nystatin 0,2000,TRUE
30.08.23,AMC,1,C2,Sample,Saccharina latissima,1,Basal,Penicillin + Nystatin 0.5,2000,TRUE
30.08.23,AMC,1,C3,Sample,Saccharina latissima,1,Basal,Penicillin + Nystatin 1,2000,TRUE
30.08.23,AMC,1,C4,Sample,Saccharina latissima,1,Basal,Penicillin + Nystatin 5,2000,TRUE
30.08.23,AMC,1,C5,Sample,Saccharina latissima,1,Basal,Penicillin + Nystatin 10,2000,TRUE
30.08.23,AMC,1,C6,Sample,Saccharina latissima,1,Basal,Penicillin + Nystatin 50,2000,TRUE
30.08.23,AMC,1,C7,Sample,Saccharina latissima,1,Basal,Penicillin + Nystatin 100,2000,TRUE
30.08.23,AMC,1,C8,Sample,Saccharina latissima,1,Basal,Penicillin + Nystatin 500,2000,TRUE
30.08.23,AMC,1,C9,Sample,Saccharina latissima,1,Basal,Penicillin + Nystatin 1000,2000,TRUE
30.08.23,AMC,1,C10,Sample,Saccharina latissima,1,Basal,Penicillin + Nystatin 5000,2000,TRUE
30.08.23,AMC,1,C11,Sample,Saccharina latissima,1,Basal,Penicillin + Nystatin 10000,2000,TRUE
30.08.23,AMC,1,C12,Sample,Saccharina latissima,1,Basal,Penicillin + Nystatin 50000,2000,TRUE
30.08.23,AMC,1,D1,Sample,Saccharina latissima,1,Distal,Penicillin 0,2000,TRUE
30.08.23,AMC,1,D2,Sample,Saccharina latissima,1,Distal,Penicillin 0.5,2000,TRUE
30.08.23,AMC,1,D3,Sample,Saccharina latissima,1,Distal,Penicillin 1,2000,TRUE
30.08.23,AMC,1,D4,Sample,Saccharina latissima,1,Distal,Penicillin 5,2000,TRUE
30.08.23,AMC,1,D5,Sample,Saccharina latissima,1,Distal,Penicillin 10,2000,TRUE
30.08.23,AMC,1,D6,Sample,Saccharina latissima,1,Distal,Penicillin 50,2000,TRUE
30.08.23,AMC,1,D7,Sample,Saccharina latissima,1,Distal,Penicillin 100,2000,TRUE
30.08.23,AMC,1,D8,Sample,Saccharina latissima,1,Distal,Penicillin 500,2000,TRUE
30.08.23,AMC,1,D9,Sample,Saccharina latissima,1,Distal,Penicillin 1000,2000,TRUE
30.08.23,AMC,1,D10,Sample,Saccharina latissima,1,Distal,Penicillin 5000,2000,TRUE
30.08.23,AMC,1,D11,Sample,Saccharina latissima,1,Distal,Penicillin 10000,2000,TRUE
30.08.23,AMC,1,D12,Sample,Saccharina latissima,1,Distal,Penicillin 50000,2000,TRUE
30.08.23,AMC,1,E1,Sample,Saccharina latissima,1,Distal,Nystatin 0,2000,TRUE
30.08.23,AMC,1,E2,Sample,Saccharina latissima,1,Distal,Nystatin 0.5,2000,TRUE
30.08.23,AMC,1,E3,Sample,Saccharina latissima,1,Distal,Nystatin 1,2000,TRUE
30.08.23,AMC,1,E4,Sample,Saccharina latissima,1,Distal,Nystatin 5,2000,TRUE
30.08.23,AMC,1,E5,Sample,Saccharina latissima,1,Distal,Nystatin 10,2000,TRUE
30.08.23,AMC,1,E6,Sample,Saccharina latissima,1,Distal,Nystatin 50,2000,TRUE
30.08.23,AMC,1,E7,Sample,Saccharina latissima,1,Distal,Nystatin 100,2000,TRUE
30.08.23,AMC,1,E8,Sample,Saccharina latissima,1,Distal,Nystatin 500,2000,TRUE
30.08.23,AMC,1,E9,Sample,Saccharina latissima,1,Distal,Nystatin 1000,2000,TRUE
30.08.23,AMC,1,E10,Sample,Saccharina latissima,1,Distal,Nystatin 5000,2000,TRUE
30.08.23,AMC,1,E11,Sample,Saccharina latissima,1,Distal,Nystatin 10000,2000,TRUE
30.08.23,AMC,1,E12,Sample,Saccharina latissima,1,Distal,Nystatin 50000,2000,TRUE
30.08.23,AMC,1,F1,Sample,Saccharina latissima,1,Distal,Penicillin + Nystatin 0,2000,TRUE
30.08.23,AMC,1,F2,Sample,Saccharina latissima,1,Distal,Penicillin + Nystatin 0.5,2000,TRUE
30.08.23,AMC,1,F3,Sample,Saccharina latissima,1,Distal,Penicillin + Nystatin 1,2000,TRUE
30.08.23,AMC,1,F4,Sample,Saccharina latissima,1,Distal,Penicillin + Nystatin 5,2000,TRUE
30.08.23,AMC,1,F5,Sample,Saccharina latissima,1,Distal,Penicillin + Nystatin 10,2000,TRUE
30.08.23,AMC,1,F6,Sample,Saccharina latissima,1,Distal,Penicillin + Nystatin 50,2000,TRUE
30.08.23,AMC,1,F7,Sample,Saccharina latissima,1,Distal,Penicillin + Nystatin 100,2000,TRUE
30.08.23,AMC,1,F8,Sample,Saccharina latissima,1,Distal,Penicillin + Nystatin 500,2000,TRUE
30.08.23,AMC,1,F9,Sample,Saccharina latissima,1,Distal,Penicillin + Nystatin 1000,2000,TRUE
30.08.23,AMC,1,F10,Sample,Saccharina latissima,1,Distal,Penicillin + Nystatin 5000,2000,TRUE
30.08.23,AMC,1,F11,Sample,Saccharina latissima,1,Distal,Penicillin + Nystatin 10000,2000,TRUE
30.08.23,AMC,1,F12,Sample,Saccharina latissima,1,Distal,Penicillin + Nystatin 50000,2000,TRUE
30.08.23,AMC,1,G1,Blank,NA,NA,NA,NA,2000,FALSE
30.08.23,AMC,1,G2,Standard,NA,NA,NA,NA,0,FALSE
30.08.23,AMC,1,G3,Standard,Saccharina latissima,1,NA,NA,0,TRUE
30.08.23,AMC,1,G4,Standard,NA,NA,NA,NA,0.1,FALSE
30.08.23,AMC,1,G5,Standard,Saccharina latissima,1,NA,NA,0.1,TRUE
30.08.23,AMC,1,G6,Standard,NA,NA,NA,NA,0.2,FALSE
30.08.23,AMC,1,G7,Standard,Saccharina latissima,1,NA,NA,0.2,TRUE
30.08.23,AMC,1,G8,Standard,NA,NA,NA,NA,0.5,FALSE
30.08.23,AMC,1,G9,Standard,Saccharina latissima,1,NA,NA,0.5,TRUE
30.08.23,AMC,1,G10,Standard,NA,NA,NA,NA,1,FALSE
30.08.23,AMC,1,G11,Standard,Saccharina latissima,1,NA,NA,1,TRUE
30.08.23,AMC,1,G12,Standard,NA,NA,NA,NA,2,FALSE
30.08.23,AMC,1,H1,Standard,Saccharina latissima,1,NA,NA,2,TRUE
30.08.23,AMC,1,H2,Standard,NA,NA,NA,NA,5,FALSE
30.08.23,AMC,1,H3,Standard,Saccharina latissima,1,NA,NA,5,TRUE
30.08.23,AMC,1,H4,Standard,NA,NA,NA,NA,10,FALSE
30.08.23,AMC,1,H5,Standard,Saccharina latissima,1,NA,NA,10,TRUE
30.08.23,AMC,1,H6,Standard,NA,NA,NA,NA,20,FALSE
30.08.23,AMC,1,H7,Standard,Saccharina latissima,1,NA,NA,20,TRUE
30.08.23,AMC,1,H8,Standard,NA,NA,NA,NA,50,FALSE
30.08.23,AMC,1,H9,Standard,Saccharina latissima,1,NA,NA,50,TRUE
30.08.23,AMC,1,H10,Standard,NA,NA,NA,NA,100,FALSE
30.08.23,AMC,1,H11,Standard,Saccharina latissima,1,NA,NA,100,TRUE
30.08.23,AMC,1,H12,Standard,Saccharina latissima,1,NA,NA,150,TRUE
30.08.23,4-MU,2,A1,Sample,Saccharina latissima,1,Basal,Penicillin 0,2000,TRUE
30.08.23,4-MU,2,A2,Sample,Saccharina latissima,1,Basal,Penicillin 0.5,2000,TRUE
30.08.23,4-MU,2,A3,Sample,Saccharina latissima,1,Basal,Penicillin 1,2000,TRUE
30.08.23,4-MU,2,A4,Sample,Saccharina latissima,1,Basal,Penicillin 5,2000,TRUE
30.08.23,4-MU,2,A5,Sample,Saccharina latissima,1,Basal,Penicillin 10,2000,TRUE
30.08.23,4-MU,2,A6,Sample,Saccharina latissima,1,Basal,Penicillin 50,2000,TRUE
30.08.23,4-MU,2,A7,Sample,Saccharina latissima,1,Basal,Penicillin 100,2000,TRUE
30.08.23,4-MU,2,A8,Sample,Saccharina latissima,1,Basal,Penicillin 500,2000,TRUE
30.08.23,4-MU,2,A9,Sample,Saccharina latissima,1,Basal,Penicillin 1000,2000,TRUE
30.08.23,4-MU,2,A10,Sample,Saccharina latissima,1,Basal,Penicillin 5000,2000,TRUE
30.08.23,4-MU,2,A11,Sample,Saccharina latissima,1,Basal,Penicillin 10000,2000,TRUE
30.08.23,4-MU,2,A12,Sample,Saccharina latissima,1,Basal,Penicillin 50000,2000,TRUE
30.08.23,4-MU,2,B1,Sample,Saccharina latissima,1,Basal,Nystatin 0,2000,TRUE
30.08.23,4-MU,2,B2,Sample,Saccharina latissima,1,Basal,Nystatin 0.5,2000,TRUE
30.08.23,4-MU,2,B3,Sample,Saccharina latissima,1,Basal,Nystatin 1,2000,TRUE
30.08.23,4-MU,2,B4,Sample,Saccharina latissima,1,Basal,Nystatin 5,2000,TRUE
30.08.23,4-MU,2,B5,Sample,Saccharina latissima,1,Basal,Nystatin 10,2000,TRUE
30.08.23,4-MU,2,B6,Sample,Saccharina latissima,1,Basal,Nystatin 50,2000,TRUE
30.08.23,4-MU,2,B7,Sample,Saccharina latissima,1,Basal,Nystatin 100,2000,TRUE
30.08.23,4-MU,2,B8,Sample,Saccharina latissima,1,Basal,Nystatin 500,2000,TRUE
30.08.23,4-MU,2,B9,Sample,Saccharina latissima,1,Basal,Nystatin 1000,2000,TRUE
30.08.23,4-MU,2,B10,Sample,Saccharina latissima,1,Basal,Nystatin 5000,2000,TRUE
30.08.23,4-MU,2,B11,Sample,Saccharina latissima,1,Basal,Nystatin 10000,2000,TRUE
30.08.23,4-MU,2,B12,Sample,Saccharina latissima,1,Basal,Nystatin 50000,2000,TRUE
30.08.23,4-MU,2,C1,Sample,Saccharina latissima,1,Basal,Penicillin + Nystatin 0,2000,TRUE
30.08.23,4-MU,2,C2,Sample,Saccharina latissima,1,Basal,Penicillin + Nystatin 0.5,2000,TRUE
30.08.23,4-MU,2,C3,Sample,Saccharina latissima,1,Basal,Penicillin + Nystatin 1,2000,TRUE
30.08.23,4-MU,2,C4,Sample,Saccharina latissima,1,Basal,Penicillin + Nystatin 5,2000,TRUE
30.08.23,4-MU,2,C5,Sample,Saccharina latissima,1,Basal,Penicillin + Nystatin 10,2000,TRUE
30.08.23,4-MU,2,C6,Sample,Saccharina latissima,1,Basal,Penicillin + Nystatin 50,2000,TRUE
30.08.23,4-MU,2,C7,Sample,Saccharina latissima,1,Basal,Penicillin + Nystatin 100,2000,TRUE
30.08.23,4-MU,2,C8,Sample,Saccharina latissima,1,Basal,Penicillin + Nystatin 500,2000,TRUE
30.08.23,4-MU,2,C9,Sample,Saccharina latissima,1,Basal,Penicillin + Nystatin 1000,2000,TRUE
30.08.23,4-MU,2,C10,Sample,Saccharina latissima,1,Basal,Penicillin + Nystatin 5000,2000,TRUE
30.08.23,4-MU,2,C11,Sample,Saccharina latissima,1,Basal,Penicillin + Nystatin 10000,2000,TRUE
30.08.23,4-MU,2,C12,Sample,Saccharina latissima,1,Basal,Penicillin + Nystatin 50000,2000,TRUE
30.08.23,4-MU,2,D1,Sample,Saccharina latissima,1,Distal,Penicillin 0,2000,TRUE
30.08.23,4-MU,2,D2,Sample,Saccharina latissima,1,Distal,Penicillin 0.5,2000,TRUE
30.08.23,4-MU,2,D3,Sample,Saccharina latissima,1,Distal,Penicillin 1,2000,TRUE
30.08.23,4-MU,2,D4,Sample,Saccharina latissima,1,Distal,Penicillin 5,2000,TRUE
30.08.23,4-MU,2,D5,Sample,Saccharina latissima,1,Distal,Penicillin 10,2000,TRUE
30.08.23,4-MU,2,D6,Sample,Saccharina latissima,1,Distal,Penicillin 50,2000,TRUE
30.08.23,4-MU,2,D7,Sample,Saccharina latissima,1,Distal,Penicillin 100,2000,TRUE
30.08.23,4-MU,2,D8,Sample,Saccharina latissima,1,Distal,Penicillin 500,2000,TRUE
30.08.23,4-MU,2,D9,Sample,Saccharina latissima,1,Distal,Penicillin 1000,2000,TRUE
30.08.23,4-MU,2,D10,Sample,Saccharina latissima,1,Distal,Penicillin 5000,2000,TRUE
30.08.23,4-MU,2,D11,Sample,Saccharina latissima,1,Distal,Penicillin 10000,2000,TRUE
30.08.23,4-MU,2,D12,Sample,Saccharina latissima,1,Distal,Penicillin 50000,2000,TRUE
30.08.23,4-MU,2,E1,Sample,Saccharina latissima,1,Distal,Nystatin 0,2000,TRUE
30.08.23,4-MU,2,E2,Sample,Saccharina latissima,1,Distal,Nystatin 0.5,2000,TRUE
30.08.23,4-MU,2,E3,Sample,Saccharina latissima,1,Distal,Nystatin 1,2000,TRUE
30.08.23,4-MU,2,E4,Sample,Saccharina latissima,1,Distal,Nystatin 5,2000,TRUE
30.08.23,4-MU,2,E5,Sample,Saccharina latissima,1,Distal,Nystatin 10,2000,TRUE
30.08.23,4-MU,2,E6,Sample,Saccharina latissima,1,Distal,Nystatin 50,2000,TRUE
30.08.23,4-MU,2,E7,Sample,Saccharina latissima,1,Distal,Nystatin 100,2000,TRUE
30.08.23,4-MU,2,E8,Sample,Saccharina latissima,1,Distal,Nystatin 500,2000,TRUE
30.08.23,4-MU,2,E9,Sample,Saccharina latissima,1,Distal,Nystatin 1000,2000,TRUE
30.08.23,4-MU,2,E10,Sample,Saccharina latissima,1,Distal,Nystatin 5000,2000,TRUE
30.08.23,4-MU,2,E11,Sample,Saccharina latissima,1,Distal,Nystatin 10000,2000,TRUE
30.08.23,4-MU,2,E12,Sample,Saccharina latissima,1,Distal,Nystatin 50000,2000,TRUE
30.08.23,4-MU,2,F1,Sample,Saccharina latissima,1,Distal,Penicillin + Nystatin 0,2000,TRUE
30.08.23,4-MU,2,F2,Sample,Saccharina latissima,1,Distal,Penicillin + Nystatin 0.5,2000,TRUE
30.08.23,4-MU,2,F3,Sample,Saccharina latissima,1,Distal,Penicillin + Nystatin 1,2000,TRUE
30.08.23,4-MU,2,F4,Sample,Saccharina latissima,1,Distal,Penicillin + Nystatin 5,2000,TRUE
30.08.23,4-MU,2,F5,Sample,Saccharina latissima,1,Distal,Penicillin + Nystatin 10,2000,TRUE
30.08.23,4-MU,2,F6,Sample,Saccharina latissima,1,Distal,Penicillin + Nystatin 50,2000,TRUE
30.08.23,4-MU,2,F7,Sample,Saccharina latissima,1,Distal,Penicillin + Nystatin 100,2000,TRUE
30.08.23,4-MU,2,F8,Sample,Saccharina latissima,1,Distal,Penicillin + Nystatin 500,2000,TRUE
30.08.23,4-MU,2,F9,Sample,Saccharina latissima,1,Distal,Penicillin + Nystatin 1000,2000,TRUE
30.08.23,4-MU,2,F10,Sample,Saccharina latissima,1,Distal,Penicillin + Nystatin 5000,2000,TRUE
30.08.23,4-MU,2,F11,Sample,Saccharina latissima,1,Distal,Penicillin + Nystatin 10000,2000,TRUE
30.08.23,4-MU,2,F12,Sample,Saccharina latissima,1,Distal,Penicillin + Nystatin 50000,2000,TRUE
30.08.23,4-MU,2,G1,Blank,NA,NA,NA,NA,2000,FALSE
30.08.23,4-MU,2,G2,Standard,NA,NA,NA,NA,0,FALSE
30.08.23,4-MU,2,G3,Standard,Saccharina latissima,1,NA,NA,0,TRUE
30.08.23,4-MU,2,G4,Standard,NA,NA,NA,NA,0.1,FALSE
30.08.23,4-MU,2,G5,Standard,Saccharina latissima,1,NA,NA,0.1,TRUE
30.08.23,4-MU,2,G6,Standard,NA,NA,NA,NA,0.2,FALSE
30.08.23,4-MU,2,G7,Standard,Saccharina latissima,1,NA,NA,0.2,TRUE
30.08.23,4-MU,2,G8,Standard,NA,NA,NA,NA,0.5,FALSE
30.08.23,4-MU,2,G9,Standard,Saccharina latissima,1,NA,NA,0.5,TRUE
30.08.23,4-MU,2,G10,Standard,NA,NA,NA,NA,1,FALSE
30.08.23,4-MU,2,G11,Standard,Saccharina latissima,1,NA,NA,1,TRUE
30.08.23,4-MU,2,G12,Standard,NA,NA,NA,NA,2,FALSE
30.08.23,4-MU,2,H1,Standard,Saccharina latissima,1,NA,NA,2,TRUE
30.08.23,4-MU,2,H2,Standard,NA,NA,NA,NA,5,FALSE
30.08.23,4-MU,2,H3,Standard,Saccharina latissima,1,NA,NA,5,TRUE
30.08.23,4-MU,2,H4,Standard,NA,NA,NA,NA,10,FALSE
30.08.23,4-MU,2,H5,Standard,Saccharina latissima,1,NA,NA,10,TRUE
30.08.23,4-MU,2,H6,Standard,NA,NA,NA,NA,20,FALSE
30.08.23,4-MU,2,H7,Standard,Saccharina latissima,1,NA,NA,20,TRUE
30.08.23,4-MU,2,H8,Standard,NA,NA,NA,NA,50,FALSE
30.08.23,4-MU,2,H9,Standard,Saccharina latissima,1,NA,NA,50,TRUE
30.08.23,4-MU,2,H10,Standard,NA,NA,NA,NA,100,FALSE
30.08.23,4-MU,2,H11,Standard,Saccharina latissima,1,NA,NA,100,TRUE
30.08.23,4-MU,2,H12,Standard,Saccharina latissima,1,NA,NA,150,TRUE
04.09.23,4-MU,1,A1,Sample,Laminaria digitata,1,Basal,Control,2000,TRUE
04.09.23,4-MU,1,A2,Sample,Laminaria digitata,1,Basal,Penicillin,2000,TRUE
04.09.23,4-MU,1,A3,Sample,Laminaria digitata,1,Basal,Nystatin,2000,TRUE
04.09.23,4-MU,1,A4,Sample,Laminaria digitata,1,Basal,Penicillin + Nystatin,2000,TRUE
04.09.23,4-MU,1,A5,Sample,Laminaria digitata,1,Distal,Control,2000,TRUE
04.09.23,4-MU,1,A6,Sample,Laminaria digitata,1,Distal,Penicillin,2000,TRUE
04.09.23,4-MU,1,A7,Sample,Laminaria digitata,1,Distal,Nystatin,2000,TRUE
04.09.23,4-MU,1,A8,Sample,Laminaria digitata,1,Distal,Penicillin + Nystatin,2000,TRUE
04.09.23,4-MU,1,A9,Sample,Laminaria digitata,2,Basal,Control,2000,TRUE
04.09.23,4-MU,1,A10,Sample,Laminaria digitata,2,Basal,Penicillin,2000,TRUE
04.09.23,4-MU,1,A11,Sample,Laminaria digitata,2,Basal,Nystatin,2000,TRUE
04.09.23,4-MU,1,A12,Sample,Laminaria digitata,2,Basal,Penicillin + Nystatin,2000,TRUE
04.09.23,4-MU,1,B1,Sample,Laminaria digitata,2,Distal,Control,2000,TRUE
04.09.23,4-MU,1,B2,Sample,Laminaria digitata,2,Distal,Penicillin,2000,TRUE
04.09.23,4-MU,1,B3,Sample,Laminaria digitata,2,Distal,Nystatin,2000,TRUE
04.09.23,4-MU,1,B4,Sample,Laminaria digitata,2,Distal,Penicillin + Nystatin,2000,TRUE
04.09.23,4-MU,1,B5,Sample,Laminaria digitata,3,Basal,Control,2000,TRUE
04.09.23,4-MU,1,B6,Sample,Laminaria digitata,3,Basal,Penicillin,2000,TRUE
04.09.23,4-MU,1,B7,Sample,Laminaria digitata,3,Basal,Nystatin,2000,TRUE
04.09.23,4-MU,1,B8,Sample,Laminaria digitata,3,Basal,Penicillin + Nystatin,2000,TRUE
04.09.23,4-MU,1,B9,Sample,Laminaria digitata,3,Distal,Control,2000,TRUE
04.09.23,4-MU,1,B10,Sample,Laminaria digitata,3,Distal,Penicillin,2000,TRUE
04.09.23,4-MU,1,B11,Sample,Laminaria digitata,3,Distal,Nystatin,2000,TRUE
04.09.23,4-MU,1,B12,Sample,Laminaria digitata,3,Distal,Penicillin + Nystatin,2000,TRUE
04.09.23,4-MU,1,C1,Sample,Laminaria ochroleuca,1,Basal,Control,2000,TRUE
04.09.23,4-MU,1,C2,Sample,Laminaria ochroleuca,1,Basal,Penicillin,2000,TRUE
04.09.23,4-MU,1,C3,Sample,Laminaria ochroleuca,1,Basal,Nystatin,2000,TRUE
04.09.23,4-MU,1,C4,Sample,Laminaria ochroleuca,1,Basal,Penicillin + Nystatin,2000,TRUE
04.09.23,4-MU,1,C5,Sample,Laminaria ochroleuca,1,Distal,Control,2000,TRUE
04.09.23,4-MU,1,C6,Sample,Laminaria ochroleuca,1,Distal,Penicillin,2000,TRUE
04.09.23,4-MU,1,C7,Sample,Laminaria ochroleuca,1,Distal,Nystatin,2000,TRUE
04.09.23,4-MU,1,C8,Sample,Laminaria ochroleuca,1,Distal,Penicillin + Nystatin,2000,TRUE
04.09.23,4-MU,1,C9,Sample,Laminaria ochroleuca,2,Basal,Control,2000,TRUE
04.09.23,4-MU,1,C10,Sample,Laminaria ochroleuca,2,Basal,Penicillin,2000,TRUE
04.09.23,4-MU,1,C11,Sample,Laminaria ochroleuca,2,Basal,Nystatin,2000,TRUE
04.09.23,4-MU,1,C12,Sample,Laminaria ochroleuca,2,Basal,Penicillin + Nystatin,2000,TRUE
04.09.23,4-MU,1,D1,Sample,Laminaria ochroleuca,2,Distal,Control,2000,TRUE
04.09.23,4-MU,1,D2,Sample,Laminaria ochroleuca,2,Distal,Penicillin,2000,TRUE
04.09.23,4-MU,1,D3,Sample,Laminaria ochroleuca,2,Distal,Nystatin,2000,TRUE
04.09.23,4-MU,1,D4,Sample,Laminaria ochroleuca,2,Distal,Penicillin + Nystatin,2000,TRUE
04.09.23,4-MU,1,D5,Sample,Laminaria ochroleuca,3,Basal,Control,2000,TRUE
04.09.23,4-MU,1,D6,Sample,Laminaria ochroleuca,3,Basal,Penicillin,2000,TRUE
04.09.23,4-MU,1,D7,Sample,Laminaria ochroleuca,3,Basal,Nystatin,2000,TRUE
04.09.23,4-MU,1,D8,Sample,Laminaria ochroleuca,3,Basal,Penicillin + Nystatin,2000,TRUE
04.09.23,4-MU,1,D9,Sample,Laminaria ochroleuca,3,Distal,Control,2000,TRUE
04.09.23,4-MU,1,D10,Sample,Laminaria ochroleuca,3,Distal,Penicillin,2000,TRUE
04.09.23,4-MU,1,D11,Sample,Laminaria ochroleuca,3,Distal,Nystatin,2000,TRUE
04.09.23,4-MU,1,D12,Sample,Laminaria ochroleuca,3,Distal,Penicillin + Nystatin,2000,TRUE
04.09.23,4-MU,1,E1,Sample,Saccorhiza polyschides,1,Basal,Control,2000,TRUE
04.09.23,4-MU,1,E2,Sample,Saccorhiza polyschides,1,Basal,Penicillin,2000,TRUE
04.09.23,4-MU,1,E3,Sample,Saccorhiza polyschides,1,Basal,Nystatin,2000,TRUE
04.09.23,4-MU,1,E4,Sample,Saccorhiza polyschides,1,Basal,Penicillin + Nystatin,2000,TRUE
04.09.23,4-MU,1,E5,Sample,Saccorhiza polyschides,1,Distal,Control,2000,TRUE
04.09.23,4-MU,1,E6,Sample,Saccorhiza polyschides,1,Distal,Penicillin,2000,TRUE
04.09.23,4-MU,1,E7,Sample,Saccorhiza polyschides,1,Distal,Nystatin,2000,TRUE
04.09.23,4-MU,1,E8,Sample,Saccorhiza polyschides,1,Distal,Penicillin + Nystatin,2000,TRUE
04.09.23,4-MU,1,E9,Sample,Saccorhiza polyschides,2,Basal,Control,2000,TRUE
04.09.23,4-MU,1,E10,Sample,Saccorhiza polyschides,2,Basal,Penicillin,2000,TRUE
04.09.23,4-MU,1,E11,Sample,Saccorhiza polyschides,2,Basal,Nystatin,2000,TRUE
04.09.23,4-MU,1,E12,Sample,Saccorhiza polyschides,2,Basal,Penicillin + Nystatin,2000,TRUE
04.09.23,4-MU,1,F1,Sample,Saccorhiza polyschides,2,Distal,Control,2000,TRUE
04.09.23,4-MU,1,F2,Sample,Saccorhiza polyschides,2,Distal,Penicillin,2000,TRUE
04.09.23,4-MU,1,F3,Sample,Saccorhiza polyschides,2,Distal,Nystatin,2000,TRUE
04.09.23,4-MU,1,F4,Sample,Saccorhiza polyschides,2,Distal,Penicillin + Nystatin,2000,TRUE
04.09.23,4-MU,1,F5,Sample,Saccorhiza polyschides,3,Basal,Control,2000,TRUE
04.09.23,4-MU,1,F6,Sample,Saccorhiza polyschides,3,Basal,Penicillin,2000,TRUE
04.09.23,4-MU,1,F7,Sample,Saccorhiza polyschides,3,Basal,Nystatin,2000,TRUE
04.09.23,4-MU,1,F8,Sample,Saccorhiza polyschides,3,Basal,Penicillin + Nystatin,2000,TRUE
04.09.23,4-MU,1,F9,Sample,Saccorhiza polyschides,3,Distal,Control,2000,TRUE
04.09.23,4-MU,1,F10,Sample,Saccorhiza polyschides,3,Distal,Penicillin,2000,TRUE
04.09.23,4-MU,1,F11,Sample,Saccorhiza polyschides,3,Distal,Nystatin,2000,TRUE
04.09.23,4-MU,1,F12,Sample,Saccorhiza polyschides,3,Distal,Penicillin + Nystatin,2000,TRUE
04.09.23,4-MU,1,G1,Blank,NA,NA,NA,NA,2000,FALSE
04.09.23,4-MU,1,G2,Standard,NA,NA,NA,NA,0,FALSE
04.09.23,4-MU,1,G3,Standard,NA,NA,NA,NA,0,TRUE
04.09.23,4-MU,1,G4,Standard,NA,NA,NA,NA,0.1,FALSE
04.09.23,4-MU,1,G5,Standard,NA,NA,NA,NA,0.1,TRUE
04.09.23,4-MU,1,G6,Standard,NA,NA,NA,NA,0.2,FALSE
04.09.23,4-MU,1,G7,Standard,NA,NA,NA,NA,0.2,TRUE
04.09.23,4-MU,1,G8,Standard,NA,NA,NA,NA,0.5,FALSE
04.09.23,4-MU,1,G9,Standard,NA,NA,NA,NA,0.5,TRUE
04.09.23,4-MU,1,G10,Standard,NA,NA,NA,NA,1,FALSE
04.09.23,4-MU,1,G11,Standard,NA,NA,NA,NA,1,TRUE
04.09.23,4-MU,1,G12,Standard,NA,NA,NA,NA,2,FALSE
04.09.23,4-MU,1,H1,Standard,NA,NA,NA,NA,2,TRUE
04.09.23,4-MU,1,H2,Standard,NA,NA,NA,NA,5,FALSE
04.09.23,4-MU,1,H3,Standard,NA,NA,NA,NA,5,TRUE
04.09.23,4-MU,1,H4,Standard,NA,NA,NA,NA,10,FALSE
04.09.23,4-MU,1,H5,Standard,NA,NA,NA,NA,10,TRUE
04.09.23,4-MU,1,H6,Standard,NA,NA,NA,NA,20,FALSE
04.09.23,4-MU,1,H7,Standard,NA,NA,NA,NA,20,TRUE
04.09.23,4-MU,1,H8,Standard,NA,NA,NA,NA,50,FALSE
04.09.23,4-MU,1,H9,Standard,NA,NA,NA,NA,50,TRUE
04.09.23,4-MU,1,H10,Standard,NA,NA,NA,NA,100,FALSE
04.09.23,4-MU,1,H11,Standard,NA,NA,NA,NA,100,TRUE
04.09.23,4-MU,1,H12,Standard,NA,NA,NA,NA,150,TRUE
04.09.23,AMC,2,A1,Sample,Laminaria digitata,1,Basal,Control,1000,TRUE
04.09.23,AMC,2,A2,Sample,Laminaria digitata,1,Basal,Penicillin,1000,TRUE
04.09.23,AMC,2,A3,Sample,Laminaria digitata,1,Basal,Nystatin,1000,TRUE
04.09.23,AMC,2,A4,Sample,Laminaria digitata,1,Basal,Penicillin + Nystatin,1000,TRUE
04.09.23,AMC,2,A5,Sample,Laminaria digitata,1,Distal,Control,1000,TRUE
04.09.23,AMC,2,A6,Sample,Laminaria digitata,1,Distal,Penicillin,1000,TRUE
04.09.23,AMC,2,A7,Sample,Laminaria digitata,1,Distal,Nystatin,1000,TRUE
04.09.23,AMC,2,A8,Sample,Laminaria digitata,1,Distal,Penicillin + Nystatin,1000,TRUE
04.09.23,AMC,2,A9,Sample,Laminaria digitata,2,Basal,Control,1000,TRUE
04.09.23,AMC,2,A10,Sample,Laminaria digitata,2,Basal,Penicillin,1000,TRUE
04.09.23,AMC,2,A11,Sample,Laminaria digitata,2,Basal,Nystatin,1000,TRUE
04.09.23,AMC,2,A12,Sample,Laminaria digitata,2,Basal,Penicillin + Nystatin,1000,TRUE
04.09.23,AMC,2,B1,Sample,Laminaria digitata,2,Distal,Control,1000,TRUE
04.09.23,AMC,2,B2,Sample,Laminaria digitata,2,Distal,Penicillin,1000,TRUE
04.09.23,AMC,2,B3,Sample,Laminaria digitata,2,Distal,Nystatin,1000,TRUE
04.09.23,AMC,2,B4,Sample,Laminaria digitata,2,Distal,Penicillin + Nystatin,1000,TRUE
04.09.23,AMC,2,B5,Sample,Laminaria digitata,3,Basal,Control,1000,TRUE
04.09.23,AMC,2,B6,Sample,Laminaria digitata,3,Basal,Penicillin,1000,TRUE
04.09.23,AMC,2,B7,Sample,Laminaria digitata,3,Basal,Nystatin,1000,TRUE
04.09.23,AMC,2,B8,Sample,Laminaria digitata,3,Basal,Penicillin + Nystatin,1000,TRUE
04.09.23,AMC,2,B9,Sample,Laminaria digitata,3,Distal,Control,1000,TRUE
04.09.23,AMC,2,B10,Sample,Laminaria digitata,3,Distal,Penicillin,1000,TRUE
04.09.23,AMC,2,B11,Sample,Laminaria digitata,3,Distal,Nystatin,1000,TRUE
04.09.23,AMC,2,B12,Sample,Laminaria digitata,3,Distal,Penicillin + Nystatin,1000,TRUE
04.09.23,AMC,2,C1,Sample,Laminaria ochroleuca,1,Basal,Control,1000,TRUE
04.09.23,AMC,2,C2,Sample,Laminaria ochroleuca,1,Basal,Penicillin,1000,TRUE
04.09.23,AMC,2,C3,Sample,Laminaria ochroleuca,1,Basal,Nystatin,1000,TRUE
04.09.23,AMC,2,C4,Sample,Laminaria ochroleuca,1,Basal,Penicillin + Nystatin,1000,TRUE
04.09.23,AMC,2,C5,Sample,Laminaria ochroleuca,1,Distal,Control,1000,TRUE
04.09.23,AMC,2,C6,Sample,Laminaria ochroleuca,1,Distal,Penicillin,1000,TRUE
04.09.23,AMC,2,C7,Sample,Laminaria ochroleuca,1,Distal,Nystatin,1000,TRUE
04.09.23,AMC,2,C8,Sample,Laminaria ochroleuca,1,Distal,Penicillin + Nystatin,1000,TRUE
04.09.23,AMC,2,C9,Sample,Laminaria ochroleuca,2,Basal,Control,1000,TRUE
04.09.23,AMC,2,C10,Sample,Laminaria ochroleuca,2,Basal,Penicillin,1000,TRUE
04.09.23,AMC,2,C11,Sample,Laminaria ochroleuca,2,Basal,Nystatin,1000,TRUE
04.09.23,AMC,2,C12,Sample,Laminaria ochroleuca,2,Basal,Penicillin + Nystatin,1000,TRUE
04.09.23,AMC,2,D1,Sample,Laminaria ochroleuca,2,Distal,Control,1000,TRUE
04.09.23,AMC,2,D2,Sample,Laminaria ochroleuca,2,Distal,Penicillin,1000,TRUE
04.09.23,AMC,2,D3,Sample,Laminaria ochroleuca,2,Distal,Nystatin,1000,TRUE
04.09.23,AMC,2,D4,Sample,Laminaria ochroleuca,2,Distal,Penicillin + Nystatin,1000,TRUE
04.09.23,AMC,2,D5,Sample,Laminaria ochroleuca,3,Basal,Control,1000,TRUE
04.09.23,AMC,2,D6,Sample,Laminaria ochroleuca,3,Basal,Penicillin,1000,TRUE
04.09.23,AMC,2,D7,Sample,Laminaria ochroleuca,3,Basal,Nystatin,1000,TRUE
04.09.23,AMC,2,D8,Sample,Laminaria ochroleuca,3,Basal,Penicillin + Nystatin,1000,TRUE
04.09.23,AMC,2,D9,Sample,Laminaria ochroleuca,3,Distal,Control,1000,TRUE
04.09.23,AMC,2,D10,Sample,Laminaria ochroleuca,3,Distal,Penicillin,1000,TRUE
04.09.23,AMC,2,D11,Sample,Laminaria ochroleuca,3,Distal,Nystatin,1000,TRUE
04.09.23,AMC,2,D12,Sample,Laminaria ochroleuca,3,Distal,Penicillin + Nystatin,1000,TRUE
04.09.23,AMC,2,E1,Sample,Saccorhiza polyschides,1,Basal,Control,1000,TRUE
04.09.23,AMC,2,E2,Sample,Saccorhiza polyschides,1,Basal,Penicillin,1000,TRUE
04.09.23,AMC,2,E3,Sample,Saccorhiza polyschides,1,Basal,Nystatin,1000,TRUE
04.09.23,AMC,2,E4,Sample,Saccorhiza polyschides,1,Basal,Penicillin + Nystatin,1000,TRUE
04.09.23,AMC,2,E5,Sample,Saccorhiza polyschides,1,Distal,Control,1000,TRUE
04.09.23,AMC,2,E6,Sample,Saccorhiza polyschides,1,Distal,Penicillin,1000,TRUE
04.09.23,AMC,2,E7,Sample,Saccorhiza polyschides,1,Distal,Nystatin,1000,TRUE
04.09.23,AMC,2,E8,Sample,Saccorhiza polyschides,1,Distal,Penicillin + Nystatin,1000,TRUE
04.09.23,AMC,2,E9,Sample,Saccorhiza polyschides,2,Basal,Control,1000,TRUE
04.09.23,AMC,2,E10,Sample,Saccorhiza polyschides,2,Basal,Penicillin,1000,TRUE
04.09.23,AMC,2,E11,Sample,Saccorhiza polyschides,2,Basal,Nystatin,1000,TRUE
04.09.23,AMC,2,E12,Sample,Saccorhiza polyschides,2,Basal,Penicillin + Nystatin,1000,TRUE
04.09.23,AMC,2,F1,Sample,Saccorhiza polyschides,2,Distal,Control,1000,TRUE
04.09.23,AMC,2,F2,Sample,Saccorhiza polyschides,2,Distal,Penicillin,1000,TRUE
04.09.23,AMC,2,F3,Sample,Saccorhiza polyschides,2,Distal,Nystatin,1000,TRUE
04.09.23,AMC,2,F4,Sample,Saccorhiza polyschides,2,Distal,Penicillin + Nystatin,1000,TRUE
04.09.23,AMC,2,F5,Sample,Saccorhiza polyschides,3,Basal,Control,1000,TRUE
04.09.23,AMC,2,F6,Sample,Saccorhiza polyschides,3,Basal,Penicillin,1000,TRUE
04.09.23,AMC,2,F7,Sample,Saccorhiza polyschides,3,Basal,Nystatin,1000,TRUE
04.09.23,AMC,2,F8,Sample,Saccorhiza polyschides,3,Basal,Penicillin + Nystatin,1000,TRUE
04.09.23,AMC,2,F9,Sample,Saccorhiza polyschides,3,Distal,Control,1000,TRUE
04.09.23,AMC,2,F10,Sample,Saccorhiza polyschides,3,Distal,Penicillin,1000,TRUE
04.09.23,AMC,2,F11,Sample,Saccorhiza polyschides,3,Distal,Nystatin,1000,TRUE
04.09.23,AMC,2,F12,Sample,Saccorhiza polyschides,3,Distal,Penicillin + Nystatin,1000,TRUE
04.09.23,AMC,2,G1,Blank,NA,NA,NA,NA,1000,FALSE
04.09.23,AMC,2,G2,Standard,NA,NA,NA,NA,0,FALSE
04.09.23,AMC,2,G3,Standard,NA,NA,NA,NA,0,TRUE
04.09.23,AMC,2,G4,Standard,NA,NA,NA,NA,0.1,FALSE
04.09.23,AMC,2,G5,Standard,NA,NA,NA,NA,0.1,TRUE
04.09.23,AMC,2,G6,Standard,NA,NA,NA,NA,0.2,FALSE
04.09.23,AMC,2,G7,Standard,NA,NA,NA,NA,0.2,TRUE
04.09.23,AMC,2,G8,Standard,NA,NA,NA,NA,0.5,FALSE
04.09.23,AMC,2,G9,Standard,NA,NA,NA,NA,0.5,TRUE
04.09.23,AMC,2,G10,Standard,NA,NA,NA,NA,1,FALSE
04.09.23,AMC,2,G11,Standard,NA,NA,NA,NA,1,TRUE
04.09.23,AMC,2,G12,Standard,NA,NA,NA,NA,2,FALSE
04.09.23,AMC,2,H1,Standard,NA,NA,NA,NA,2,TRUE
04.09.23,AMC,2,H2,Standard,NA,NA,NA,NA,5,FALSE
04.09.23,AMC,2,H3,Standard,NA,NA,NA,NA,5,TRUE
04.09.23,AMC,2,H4,Standard,NA,NA,NA,NA,10,FALSE
04.09.23,AMC,2,H5,Standard,NA,NA,NA,NA,10,TRUE
04.09.23,AMC,2,H6,Standard,NA,NA,NA,NA,20,FALSE
04.09.23,AMC,2,H7,Standard,NA,NA,NA,NA,20,TRUE
04.09.23,AMC,2,H8,Standard,NA,NA,NA,NA,50,FALSE
04.09.23,AMC,2,H9,Standard,NA,NA,NA,NA,50,TRUE
04.09.23,AMC,2,H10,Standard,NA,NA,NA,NA,100,FALSE
04.09.23,AMC,2,H11,Standard,NA,NA,NA,NA,100,TRUE
04.09.23,AMC,2,H12,Standard,NA,NA,NA,NA,150,TRUE
19.09.23,AMC,1,A1,Sample,Urchin,1,Grazed,Control,1000,TRUE
19.09.23,AMC,1,A2,Sample,Urchin,1,Grazed,Penicillin,1000,TRUE
19.09.23,AMC,1,A3,Sample,Urchin,1,Grazed,Nystatin,1000,TRUE
19.09.23,AMC,1,A4,Sample,Urchin,1,Grazed,Penicillin + Nystatin,1000,TRUE
19.09.23,AMC,1,A5,Sample,Urchin,1,Control,Control,1000,TRUE
19.09.23,AMC,1,A6,Sample,Urchin,1,Control,Penicillin,1000,TRUE
19.09.23,AMC,1,A7,Sample,Urchin,1,Control,Nystatin,1000,TRUE
19.09.23,AMC,1,A8,Sample,Urchin,1,Control,Penicillin + Nystatin,1000,TRUE
19.09.23,AMC,1,A9,Sample,Control,1,1,Control,1000,TRUE
19.09.23,AMC,1,A10,Sample,Control,1,1,Penicillin,1000,TRUE
19.09.23,AMC,1,A11,Sample,Control,1,1,Nystatin,1000,TRUE
19.09.23,AMC,1,A12,Sample,Control,1,1,Penicillin + Nystatin,1000,TRUE
19.09.23,AMC,1,B1,Sample,Control,1,2,Control,1000,TRUE
19.09.23,AMC,1,B2,Sample,Control,1,2,Penicillin,1000,TRUE
19.09.23,AMC,1,B3,Sample,Control,1,2,Nystatin,1000,TRUE
19.09.23,AMC,1,B4,Sample,Control,1,2,Penicillin + Nystatin,1000,TRUE
19.09.23,AMC,1,B5,Sample,Mechanical,1,Damaged,Control,1000,TRUE
19.09.23,AMC,1,B6,Sample,Mechanical,1,Damaged,Penicillin,1000,TRUE
19.09.23,AMC,1,B7,Sample,Mechanical,1,Damaged,Nystatin,1000,TRUE
19.09.23,AMC,1,B8,Sample,Mechanical,1,Damaged,Penicillin + Nystatin,1000,TRUE
19.09.23,AMC,1,B9,Sample,Mechanical,1,Control,Control,1000,TRUE
19.09.23,AMC,1,B10,Sample,Mechanical,1,Control,Penicillin,1000,TRUE
19.09.23,AMC,1,B11,Sample,Mechanical,1,Control,Nystatin,1000,TRUE
19.09.23,AMC,1,B12,Sample,Mechanical,1,Control,Penicillin + Nystatin,1000,TRUE
19.09.23,AMC,1,C1,Sample,Urchin,2,Grazed,Control,1000,TRUE
19.09.23,AMC,1,C2,Sample,Urchin,2,Grazed,Penicillin,1000,TRUE
19.09.23,AMC,1,C3,Sample,Urchin,2,Grazed,Nystatin,1000,TRUE
19.09.23,AMC,1,C4,Sample,Urchin,2,Grazed,Penicillin + Nystatin,1000,TRUE
19.09.23,AMC,1,C5,Sample,Urchin,2,Control,Control,1000,TRUE
19.09.23,AMC,1,C6,Sample,Urchin,2,Control,Penicillin,1000,TRUE
19.09.23,AMC,1,C7,Sample,Urchin,2,Control,Nystatin,1000,TRUE
19.09.23,AMC,1,C8,Sample,Urchin,2,Control,Penicillin + Nystatin,1000,TRUE
19.09.23,AMC,1,C9,Sample,Control,2,1,Control,1000,TRUE
19.09.23,AMC,1,C10,Sample,Control,2,1,Penicillin,1000,TRUE
19.09.23,AMC,1,C11,Sample,Control,2,1,Nystatin,1000,TRUE
19.09.23,AMC,1,C12,Sample,Control,2,1,Penicillin + Nystatin,1000,TRUE
19.09.23,AMC,1,D1,Sample,Control,2,2,Control,1000,TRUE
19.09.23,AMC,1,D2,Sample,Control,2,2,Penicillin,1000,TRUE
19.09.23,AMC,1,D3,Sample,Control,2,2,Nystatin,1000,TRUE
19.09.23,AMC,1,D4,Sample,Control,2,2,Penicillin + Nystatin,1000,TRUE
19.09.23,AMC,1,D5,Sample,Mechanical,2,Damaged,Control,1000,TRUE
19.09.23,AMC,1,D6,Sample,Mechanical,2,Damaged,Penicillin,1000,TRUE
19.09.23,AMC,1,D7,Sample,Mechanical,2,Damaged,Nystatin,1000,TRUE
19.09.23,AMC,1,D8,Sample,Mechanical,2,Damaged,Penicillin + Nystatin,1000,TRUE
19.09.23,AMC,1,D9,Sample,Mechanical,2,Control,Control,1000,TRUE
19.09.23,AMC,1,D10,Sample,Mechanical,2,Control,Penicillin,1000,TRUE
19.09.23,AMC,1,D11,Sample,Mechanical,2,Control,Nystatin,1000,TRUE
19.09.23,AMC,1,D12,Sample,Mechanical,2,Control,Penicillin + Nystatin,1000,TRUE
19.09.23,AMC,1,E1,Sample,Urchin,3,Grazed,Control,1000,TRUE
19.09.23,AMC,1,E2,Sample,Urchin,3,Grazed,Penicillin,1000,TRUE
19.09.23,AMC,1,E3,Sample,Urchin,3,Grazed,Nystatin,1000,TRUE
19.09.23,AMC,1,E4,Sample,Urchin,3,Grazed,Penicillin + Nystatin,1000,TRUE
19.09.23,AMC,1,E5,Sample,Urchin,3,Control,Control,1000,TRUE
19.09.23,AMC,1,E6,Sample,Urchin,3,Control,Penicillin,1000,TRUE
19.09.23,AMC,1,E7,Sample,Urchin,3,Control,Nystatin,1000,TRUE
19.09.23,AMC,1,E8,Sample,Urchin,3,Control,Penicillin + Nystatin,1000,TRUE
19.09.23,AMC,1,E9,Sample,Control,3,1,Control,1000,TRUE
19.09.23,AMC,1,E10,Sample,Control,3,1,Penicillin,1000,TRUE
19.09.23,AMC,1,E11,Sample,Control,3,1,Nystatin,1000,TRUE
19.09.23,AMC,1,E12,Sample,Control,3,1,Penicillin + Nystatin,1000,TRUE
19.09.23,AMC,1,F1,Sample,Control,3,2,Control,1000,TRUE
19.09.23,AMC,1,F2,Sample,Control,3,2,Penicillin,1000,TRUE
19.09.23,AMC,1,F3,Sample,Control,3,2,Nystatin,1000,TRUE
19.09.23,AMC,1,F4,Sample,Control,3,2,Penicillin + Nystatin,1000,TRUE
19.09.23,AMC,1,F5,Sample,Mechanical,3,Damaged,Control,1000,TRUE
19.09.23,AMC,1,F6,Sample,Mechanical,3,Damaged,Penicillin,1000,TRUE
19.09.23,AMC,1,F7,Sample,Mechanical,3,Damaged,Nystatin,1000,TRUE
19.09.23,AMC,1,F8,Sample,Mechanical,3,Damaged,Penicillin + Nystatin,1000,TRUE
19.09.23,AMC,1,F9,Sample,Mechanical,3,Control,Control,1000,TRUE
19.09.23,AMC,1,F10,Sample,Mechanical,3,Control,Penicillin,1000,TRUE
19.09.23,AMC,1,F11,Sample,Mechanical,3,Control,Nystatin,1000,TRUE
19.09.23,AMC,1,F12,Sample,Mechanical,3,Control,Penicillin + Nystatin,1000,TRUE
19.09.23,AMC,1,G1,Blank,NA,NA,NA,NA,1000,FALSE
19.09.23,AMC,1,G2,Standard,NA,NA,NA,NA,0,FALSE
19.09.23,AMC,1,G3,Standard,Control,NA,NA,NA,0,TRUE
19.09.23,AMC,1,G4,Standard,NA,NA,NA,NA,0.1,FALSE
19.09.23,AMC,1,G5,Standard,Control,NA,NA,NA,0.1,TRUE
19.09.23,AMC,1,G6,Standard,NA,NA,NA,NA,0.2,FALSE
19.09.23,AMC,1,G7,Standard,Control,NA,NA,NA,0.2,TRUE
19.09.23,AMC,1,G8,Standard,NA,NA,NA,NA,0.5,FALSE
19.09.23,AMC,1,G9,Standard,Control,NA,NA,NA,0.5,TRUE
19.09.23,AMC,1,G10,Standard,NA,NA,NA,NA,1,FALSE
19.09.23,AMC,1,G11,Standard,Control,NA,NA,NA,1,TRUE
19.09.23,AMC,1,G12,Standard,NA,NA,NA,NA,2,FALSE
19.09.23,AMC,1,H1,Standard,Control,NA,NA,NA,2,TRUE
19.09.23,AMC,1,H2,Standard,NA,NA,NA,NA,5,FALSE
19.09.23,AMC,1,H3,Standard,Control,NA,NA,NA,5,TRUE
19.09.23,AMC,1,H4,Standard,NA,NA,NA,NA,10,FALSE
19.09.23,AMC,1,H5,Standard,Control,NA,NA,NA,10,TRUE
19.09.23,AMC,1,H6,Standard,NA,NA,NA,NA,20,FALSE
19.09.23,AMC,1,H7,Standard,Control,NA,NA,NA,20,TRUE
19.09.23,AMC,1,H8,Standard,NA,NA,NA,NA,50,FALSE
19.09.23,AMC,1,H9,Standard,Control,NA,NA,NA,50,TRUE
19.09.23,AMC,1,H10,Standard,NA,NA,NA,NA,100,FALSE
19.09.23,AMC,1,H11,Standard,Control,NA,NA,NA,100,TRUE
19.09.23,AMC,1,H12,Standard,Control,NA,NA,NA,150,TRUE
19.09.23,4-MU,2,A1,Sample,Urchin,1,Grazed,Control,2000,TRUE
19.09.23,4-MU,2,A2,Sample,Urchin,1,Grazed,Penicillin,2000,TRUE
19.09.23,4-MU,2,A3,Sample,Urchin,1,Grazed,Nystatin,2000,TRUE
19.09.23,4-MU,2,A4,Sample,Urchin,1,Grazed,Penicillin + Nystatin,2000,TRUE
19.09.23,4-MU,2,A5,Sample,Urchin,1,Control,Control,2000,TRUE
19.09.23,4-MU,2,A6,Sample,Urchin,1,Control,Penicillin,2000,TRUE
19.09.23,4-MU,2,A7,Sample,Urchin,1,Control,Nystatin,2000,TRUE
19.09.23,4-MU,2,A8,Sample,Urchin,1,Control,Penicillin + Nystatin,2000,TRUE
19.09.23,4-MU,2,A9,Sample,Control,1,1,Control,2000,TRUE
19.09.23,4-MU,2,A10,Sample,Control,1,1,Penicillin,2000,TRUE
19.09.23,4-MU,2,A11,Sample,Control,1,1,Nystatin,2000,TRUE
19.09.23,4-MU,2,A12,Sample,Control,1,1,Penicillin + Nystatin,2000,TRUE
19.09.23,4-MU,2,B1,Sample,Control,1,2,Control,2000,TRUE
19.09.23,4-MU,2,B2,Sample,Control,1,2,Penicillin,2000,TRUE
19.09.23,4-MU,2,B3,Sample,Control,1,2,Nystatin,2000,TRUE
19.09.23,4-MU,2,B4,Sample,Control,1,2,Penicillin + Nystatin,2000,TRUE
19.09.23,4-MU,2,B5,Sample,Mechanical,1,Damaged,Control,2000,TRUE
19.09.23,4-MU,2,B6,Sample,Mechanical,1,Damaged,Penicillin,2000,TRUE
19.09.23,4-MU,2,B7,Sample,Mechanical,1,Damaged,Nystatin,2000,TRUE
19.09.23,4-MU,2,B8,Sample,Mechanical,1,Damaged,Penicillin + Nystatin,2000,TRUE
19.09.23,4-MU,2,B9,Sample,Mechanical,1,Control,Control,2000,TRUE
19.09.23,4-MU,2,B10,Sample,Mechanical,1,Control,Penicillin,2000,TRUE
19.09.23,4-MU,2,B11,Sample,Mechanical,1,Control,Nystatin,2000,TRUE
19.09.23,4-MU,2,B12,Sample,Mechanical,1,Control,Penicillin + Nystatin,2000,TRUE
19.09.23,4-MU,2,C1,Sample,Urchin,2,Grazed,Control,2000,TRUE
19.09.23,4-MU,2,C2,Sample,Urchin,2,Grazed,Penicillin,2000,TRUE
19.09.23,4-MU,2,C3,Sample,Urchin,2,Grazed,Nystatin,2000,TRUE
19.09.23,4-MU,2,C4,Sample,Urchin,2,Grazed,Penicillin + Nystatin,2000,TRUE
19.09.23,4-MU,2,C5,Sample,Urchin,2,Control,Control,2000,TRUE
19.09.23,4-MU,2,C6,Sample,Urchin,2,Control,Penicillin,2000,TRUE
19.09.23,4-MU,2,C7,Sample,Urchin,2,Control,Nystatin,2000,TRUE
19.09.23,4-MU,2,C8,Sample,Urchin,2,Control,Penicillin + Nystatin,2000,TRUE
19.09.23,4-MU,2,C9,Sample,Control,2,1,Control,2000,TRUE
19.09.23,4-MU,2,C10,Sample,Control,2,1,Penicillin,2000,TRUE
19.09.23,4-MU,2,C11,Sample,Control,2,1,Nystatin,2000,TRUE
19.09.23,4-MU,2,C12,Sample,Control,2,1,Penicillin + Nystatin,2000,TRUE
19.09.23,4-MU,2,D1,Sample,Control,2,2,Control,2000,TRUE
19.09.23,4-MU,2,D2,Sample,Control,2,2,Penicillin,2000,TRUE
19.09.23,4-MU,2,D3,Sample,Control,2,2,Nystatin,2000,TRUE
19.09.23,4-MU,2,D4,Sample,Control,2,2,Penicillin + Nystatin,2000,TRUE
19.09.23,4-MU,2,D5,Sample,Mechanical,2,Damaged,Control,2000,TRUE
19.09.23,4-MU,2,D6,Sample,Mechanical,2,Damaged,Penicillin,2000,TRUE
19.09.23,4-MU,2,D7,Sample,Mechanical,2,Damaged,Nystatin,2000,TRUE
19.09.23,4-MU,2,D8,Sample,Mechanical,2,Damaged,Penicillin + Nystatin,2000,TRUE
19.09.23,4-MU,2,D9,Sample,Mechanical,2,Control,Control,2000,TRUE
19.09.23,4-MU,2,D10,Sample,Mechanical,2,Control,Penicillin,2000,TRUE
19.09.23,4-MU,2,D11,Sample,Mechanical,2,Control,Nystatin,2000,TRUE
19.09.23,4-MU,2,D12,Sample,Mechanical,2,Control,Penicillin + Nystatin,2000,TRUE
19.09.23,4-MU,2,E1,Sample,Urchin,3,Grazed,Control,2000,TRUE
19.09.23,4-MU,2,E2,Sample,Urchin,3,Grazed,Penicillin,2000,TRUE
19.09.23,4-MU,2,E3,Sample,Urchin,3,Grazed,Nystatin,2000,TRUE
19.09.23,4-MU,2,E4,Sample,Urchin,3,Grazed,Penicillin + Nystatin,2000,TRUE
19.09.23,4-MU,2,E5,Sample,Urchin,3,Control,Control,2000,TRUE
19.09.23,4-MU,2,E6,Sample,Urchin,3,Control,Penicillin,2000,TRUE
19.09.23,4-MU,2,E7,Sample,Urchin,3,Control,Nystatin,2000,TRUE
19.09.23,4-MU,2,E8,Sample,Urchin,3,Control,Penicillin + Nystatin,2000,TRUE
19.09.23,4-MU,2,E9,Sample,Control,3,1,Control,2000,TRUE
19.09.23,4-MU,2,E10,Sample,Control,3,1,Penicillin,2000,TRUE
19.09.23,4-MU,2,E11,Sample,Control,3,1,Nystatin,2000,TRUE
19.09.23,4-MU,2,E12,Sample,Control,3,1,Penicillin + Nystatin,2000,TRUE
19.09.23,4-MU,2,F1,Sample,Control,3,2,Control,2000,TRUE
19.09.23,4-MU,2,F2,Sample,Control,3,2,Penicillin,2000,TRUE
19.09.23,4-MU,2,F3,Sample,Control,3,2,Nystatin,2000,TRUE
19.09.23,4-MU,2,F4,Sample,Control,3,2,Penicillin + Nystatin,2000,TRUE
19.09.23,4-MU,2,F5,Sample,Mechanical,3,Damaged,Control,2000,TRUE
19.09.23,4-MU,2,F6,Sample,Mechanical,3,Damaged,Penicillin,2000,TRUE
19.09.23,4-MU,2,F7,Sample,Mechanical,3,Damaged,Nystatin,2000,TRUE
19.09.23,4-MU,2,F8,Sample,Mechanical,3,Damaged,Penicillin + Nystatin,2000,TRUE
19.09.23,4-MU,2,F9,Sample,Mechanical,3,Control,Control,2000,TRUE
19.09.23,4-MU,2,F10,Sample,Mechanical,3,Control,Penicillin,2000,TRUE
19.09.23,4-MU,2,F11,Sample,Mechanical,3,Control,Nystatin,2000,TRUE
19.09.23,4-MU,2,F12,Sample,Mechanical,3,Control,Penicillin + Nystatin,2000,TRUE
19.09.23,4-MU,2,G1,Blank,NA,NA,NA,NA,2000,FALSE
19.09.23,4-MU,2,G2,Standard,NA,NA,NA,NA,0,FALSE
19.09.23,4-MU,2,G3,Standard,Control,NA,NA,NA,0,TRUE
19.09.23,4-MU,2,G4,Standard,NA,NA,NA,NA,0.1,FALSE
19.09.23,4-MU,2,G5,Standard,Control,NA,NA,NA,0.1,TRUE
19.09.23,4-MU,2,G6,Standard,NA,NA,NA,NA,0.2,FALSE
19.09.23,4-MU,2,G7,Standard,Control,NA,NA,NA,0.2,TRUE
19.09.23,4-MU,2,G8,Standard,NA,NA,NA,NA,0.5,FALSE
19.09.23,4-MU,2,G9,Standard,Control,NA,NA,NA,0.5,TRUE
19.09.23,4-MU,2,G10,Standard,NA,NA,NA,NA,1,FALSE
19.09.23,4-MU,2,G11,Standard,Control,NA,NA,NA,1,TRUE
19.09.23,4-MU,2,G12,Standard,NA,NA,NA,NA,2,FALSE
19.09.23,4-MU,2,H1,Standard,Control,NA,NA,NA,2,TRUE
19.09.23,4-MU,2,H2,Standard,NA,NA,NA,NA,5,FALSE
19.09.23,4-MU,2,H3,Standard,Control,NA,NA,NA,5,TRUE
19.09.23,4-MU,2,H4,Standard,NA,NA,NA,NA,10,FALSE
19.09.23,4-MU,2,H5,Standard,Control,NA,NA,NA,10,TRUE
19.09.23,4-MU,2,H6,Standard,NA,NA,NA,NA,20,FALSE
19.09.23,4-MU,2,H7,Standard,Control,NA,NA,NA,20,TRUE
19.09.23,4-MU,2,H8,Standard,NA,NA,NA,NA,50,FALSE
19.09.23,4-MU,2,H9,Standard,Control,NA,NA,NA,50,TRUE
19.09.23,4-MU,2,H10,Standard,NA,NA,NA,NA,100,FALSE
19.09.23,4-MU,2,H11,Standard,Control,NA,NA,NA,100,TRUE
19.09.23,4-MU,2,H12,Standard,Control,NA,NA,NA,150,TRUE
20.09.23,4-MU,1,A1,Sample,Laminaria hyperborea,1,NA,Fresh,1,TRUE
20.09.23,4-MU,1,A2,Sample,Laminaria hyperborea,1,NA,Fresh,10,TRUE
20.09.23,4-MU,1,A3,Sample,Laminaria hyperborea,1,NA,Fresh,50,TRUE
20.09.23,4-MU,1,A4,Sample,Laminaria hyperborea,1,NA,Fresh,100,TRUE
20.09.23,4-MU,1,A5,Sample,Laminaria hyperborea,1,NA,Fresh,250,TRUE
20.09.23,4-MU,1,A6,Sample,Laminaria hyperborea,1,NA,Fresh,500,TRUE
20.09.23,4-MU,1,A7,Sample,Laminaria hyperborea,1,NA,Fresh,750,TRUE
20.09.23,4-MU,1,A8,Sample,Laminaria hyperborea,1,NA,Fresh,1000,TRUE
20.09.23,4-MU,1,A9,Sample,Laminaria hyperborea,1,NA,Fresh,1500,TRUE
20.09.23,4-MU,1,A10,Sample,Laminaria hyperborea,1,NA,Fresh,2000,TRUE
20.09.23,4-MU,1,A11,Sample,Laminaria hyperborea,1,NA,Fresh,2500,TRUE
20.09.23,4-MU,1,A12,Sample,Laminaria hyperborea,1,NA,Fresh,5000,TRUE
20.09.23,4-MU,1,B1,Sample,Laminaria hyperborea,1,NA,Control,1,TRUE
20.09.23,4-MU,1,B2,Sample,Laminaria hyperborea,1,NA,Control,10,TRUE
20.09.23,4-MU,1,B3,Sample,Laminaria hyperborea,1,NA,Control,50,TRUE
20.09.23,4-MU,1,B4,Sample,Laminaria hyperborea,1,NA,Control,100,TRUE
20.09.23,4-MU,1,B5,Sample,Laminaria hyperborea,1,NA,Control,250,TRUE
20.09.23,4-MU,1,B6,Sample,Laminaria hyperborea,1,NA,Control,500,TRUE
20.09.23,4-MU,1,B7,Sample,Laminaria hyperborea,1,NA,Control,750,TRUE
20.09.23,4-MU,1,B8,Sample,Laminaria hyperborea,1,NA,Control,1000,TRUE
20.09.23,4-MU,1,B9,Sample,Laminaria hyperborea,1,NA,Control,1500,TRUE
20.09.23,4-MU,1,B10,Sample,Laminaria hyperborea,1,NA,Control,2000,TRUE
20.09.23,4-MU,1,B11,Sample,Laminaria hyperborea,1,NA,Control,2500,TRUE
20.09.23,4-MU,1,B12,Sample,Laminaria hyperborea,1,NA,Control,5000,TRUE
20.09.23,4-MU,1,C1,Sample,Laminaria hyperborea,1,NA,Penicillin,1,TRUE
20.09.23,4-MU,1,C2,Sample,Laminaria hyperborea,1,NA,Penicillin,10,TRUE
20.09.23,4-MU,1,C3,Sample,Laminaria hyperborea,1,NA,Penicillin,50,TRUE
20.09.23,4-MU,1,C4,Sample,Laminaria hyperborea,1,NA,Penicillin,100,TRUE
20.09.23,4-MU,1,C5,Sample,Laminaria hyperborea,1,NA,Penicillin,250,TRUE
20.09.23,4-MU,1,C6,Sample,Laminaria hyperborea,1,NA,Penicillin,500,TRUE
20.09.23,4-MU,1,C7,Sample,Laminaria hyperborea,1,NA,Penicillin,750,TRUE
20.09.23,4-MU,1,C8,Sample,Laminaria hyperborea,1,NA,Penicillin,1000,TRUE
20.09.23,4-MU,1,C9,Sample,Laminaria hyperborea,1,NA,Penicillin,1500,TRUE
20.09.23,4-MU,1,C10,Sample,Laminaria hyperborea,1,NA,Penicillin,2000,TRUE
20.09.23,4-MU,1,C11,Sample,Laminaria hyperborea,1,NA,Penicillin,2500,TRUE
20.09.23,4-MU,1,C12,Sample,Laminaria hyperborea,1,NA,Penicillin,5000,TRUE
20.09.23,4-MU,1,D1,Sample,Laminaria hyperborea,1,NA,Nystatin,1,TRUE
20.09.23,4-MU,1,D2,Sample,Laminaria hyperborea,1,NA,Nystatin,10,TRUE
20.09.23,4-MU,1,D3,Sample,Laminaria hyperborea,1,NA,Nystatin,50,TRUE
20.09.23,4-MU,1,D4,Sample,Laminaria hyperborea,1,NA,Nystatin,100,TRUE
20.09.23,4-MU,1,D5,Sample,Laminaria hyperborea,1,NA,Nystatin,250,TRUE
20.09.23,4-MU,1,D6,Sample,Laminaria hyperborea,1,NA,Nystatin,500,TRUE
20.09.23,4-MU,1,D7,Sample,Laminaria hyperborea,1,NA,Nystatin,750,TRUE
20.09.23,4-MU,1,D8,Sample,Laminaria hyperborea,1,NA,Nystatin,1000,TRUE
20.09.23,4-MU,1,D9,Sample,Laminaria hyperborea,1,NA,Nystatin,1500,TRUE
20.09.23,4-MU,1,D10,Sample,Laminaria hyperborea,1,NA,Nystatin,2000,TRUE
20.09.23,4-MU,1,D11,Sample,Laminaria hyperborea,1,NA,Nystatin,2500,TRUE
20.09.23,4-MU,1,D12,Sample,Laminaria hyperborea,1,NA,Nystatin,5000,TRUE
20.09.23,4-MU,1,E1,Sample,Laminaria hyperborea,1,NA,Penicillin + Nystatin,1,TRUE
20.09.23,4-MU,1,E2,Sample,Laminaria hyperborea,1,NA,Penicillin + Nystatin,10,TRUE
20.09.23,4-MU,1,E3,Sample,Laminaria hyperborea,1,NA,Penicillin + Nystatin,50,TRUE
20.09.23,4-MU,1,E4,Sample,Laminaria hyperborea,1,NA,Penicillin + Nystatin,100,TRUE
20.09.23,4-MU,1,E5,Sample,Laminaria hyperborea,1,NA,Penicillin + Nystatin,250,TRUE
20.09.23,4-MU,1,E6,Sample,Laminaria hyperborea,1,NA,Penicillin + Nystatin,500,TRUE
20.09.23,4-MU,1,E7,Sample,Laminaria hyperborea,1,NA,Penicillin + Nystatin,750,TRUE
20.09.23,4-MU,1,E8,Sample,Laminaria hyperborea,1,NA,Penicillin + Nystatin,1000,TRUE
20.09.23,4-MU,1,E9,Sample,Laminaria hyperborea,1,NA,Penicillin + Nystatin,1500,TRUE
20.09.23,4-MU,1,E10,Sample,Laminaria hyperborea,1,NA,Penicillin + Nystatin,2000,TRUE
20.09.23,4-MU,1,E11,Sample,Laminaria hyperborea,1,NA,Penicillin + Nystatin,2500,TRUE
20.09.23,4-MU,1,E12,Sample,Laminaria hyperborea,1,NA,Penicillin + Nystatin,5000,TRUE
20.09.23,4-MU,1,F1,Blank,NA,NA,NA,NA,1,FALSE
20.09.23,4-MU,1,F2,Blank,NA,NA,NA,NA,10,FALSE
20.09.23,4-MU,1,F3,Blank,NA,NA,NA,NA,50,FALSE
20.09.23,4-MU,1,F4,Blank,NA,NA,NA,NA,100,FALSE
20.09.23,4-MU,1,F5,Blank,NA,NA,NA,NA,250,FALSE
20.09.23,4-MU,1,F6,Blank,NA,NA,NA,NA,500,FALSE
20.09.23,4-MU,1,F7,Blank,NA,NA,NA,NA,750,FALSE
20.09.23,4-MU,1,F8,Blank,NA,NA,NA,NA,1000,FALSE
20.09.23,4-MU,1,F9,Blank,NA,NA,NA,NA,1500,FALSE
20.09.23,4-MU,1,F10,Blank,NA,NA,NA,NA,2000,FALSE
20.09.23,4-MU,1,F11,Blank,NA,NA,NA,NA,2500,FALSE
20.09.23,4-MU,1,F12,Blank,NA,NA,NA,NA,5000,FALSE
20.09.23,4-MU,1,G1,Standard,NA,NA,NA,NA,0,FALSE
20.09.23,4-MU,1,G2,Standard,Laminaria hyperborea,1,NA,NA,0,TRUE
20.09.23,4-MU,1,G3,Standard,NA,NA,NA,NA,0.1,FALSE
20.09.23,4-MU,1,G4,Standard,Laminaria hyperborea,1,NA,NA,0.1,TRUE
20.09.23,4-MU,1,G5,Standard,NA,NA,NA,NA,0.2,FALSE
20.09.23,4-MU,1,G6,Standard,Laminaria hyperborea,1,NA,NA,0.2,TRUE
20.09.23,4-MU,1,G7,Standard,NA,NA,NA,NA,0.5,FALSE
20.09.23,4-MU,1,G8,Standard,Laminaria hyperborea,1,NA,NA,0.5,TRUE
20.09.23,4-MU,1,G9,Standard,NA,NA,NA,NA,1,FALSE
20.09.23,4-MU,1,G10,Standard,Laminaria hyperborea,1,NA,NA,1,TRUE
20.09.23,4-MU,1,G11,Standard,NA,NA,NA,NA,2,FALSE
20.09.23,4-MU,1,G12,Standard,Laminaria hyperborea,1,NA,NA,2,TRUE
20.09.23,4-MU,1,H1,Standard,NA,NA,NA,NA,5,FALSE
20.09.23,4-MU,1,H2,Standard,Laminaria hyperborea,1,NA,NA,5,TRUE
20.09.23,4-MU,1,H3,Standard,NA,NA,NA,NA,10,FALSE
20.09.23,4-MU,1,H4,Standard,Laminaria hyperborea,1,NA,NA,10,TRUE
20.09.23,4-MU,1,H5,Standard,NA,NA,NA,NA,20,FALSE
20.09.23,4-MU,1,H6,Standard,Laminaria hyperborea,1,NA,NA,20,TRUE
20.09.23,4-MU,1,H7,Standard,NA,NA,NA,NA,50,FALSE
20.09.23,4-MU,1,H8,Standard,Laminaria hyperborea,1,NA,NA,50,TRUE
20.09.23,4-MU,1,H9,Standard,NA,NA,NA,NA,100,FALSE
20.09.23,4-MU,1,H10,Standard,Laminaria hyperborea,1,NA,NA,100,TRUE
20.09.23,4-MU,1,H11,Standard,NA,NA,NA,NA,150,FALSE
20.09.23,4-MU,1,H12,Standard,Laminaria hyperborea,1,NA,NA,150,TRUE
21.09.23,4-MU,1,A1,Sample,Urchin,4,Grazed,Control,2000,TRUE
21.09.23,4-MU,1,A2,Sample,Urchin,4,Grazed,Penicillin,2000,TRUE
21.09.23,4-MU,1,A3,Sample,Urchin,4,Grazed,Nystatin,2000,TRUE
21.09.23,4-MU,1,A4,Sample,Urchin,4,Grazed,Penicillin + Nystatin,2000,TRUE
21.09.23,4-MU,1,A5,Sample,Urchin,4,Control,Control,2000,TRUE
21.09.23,4-MU,1,A6,Sample,Urchin,4,Control,Penicillin,2000,TRUE
21.09.23,4-MU,1,A7,Sample,Urchin,4,Control,Nystatin,2000,TRUE
21.09.23,4-MU,1,A8,Sample,Urchin,4,Control,Penicillin + Nystatin,2000,TRUE
21.09.23,4-MU,1,A9,Sample,Control,4,1,Control,2000,TRUE
21.09.23,4-MU,1,A10,Sample,Control,4,1,Penicillin,2000,TRUE
21.09.23,4-MU,1,A11,Sample,Control,4,1,Nystatin,2000,TRUE
21.09.23,4-MU,1,A12,Sample,Control,4,1,Penicillin + Nystatin,2000,TRUE
21.09.23,4-MU,1,B1,Sample,Control,4,2,Control,2000,TRUE
21.09.23,4-MU,1,B2,Sample,Control,4,2,Penicillin,2000,TRUE
21.09.23,4-MU,1,B3,Sample,Control,4,2,Nystatin,2000,TRUE
21.09.23,4-MU,1,B4,Sample,Control,4,2,Penicillin + Nystatin,2000,TRUE
21.09.23,4-MU,1,B5,Sample,Mechanical,4,Damaged,Control,2000,TRUE
21.09.23,4-MU,1,B6,Sample,Mechanical,4,Damaged,Penicillin,2000,TRUE
21.09.23,4-MU,1,B7,Sample,Mechanical,4,Damaged,Nystatin,2000,TRUE
21.09.23,4-MU,1,B8,Sample,Mechanical,4,Damaged,Penicillin + Nystatin,2000,TRUE
21.09.23,4-MU,1,B9,Sample,Mechanical,4,Control,Control,2000,TRUE
21.09.23,4-MU,1,B10,Sample,Mechanical,4,Control,Penicillin,2000,TRUE
21.09.23,4-MU,1,B11,Sample,Mechanical,4,Control,Nystatin,2000,TRUE
21.09.23,4-MU,1,B12,Sample,Mechanical,4,Control,Penicillin + Nystatin,2000,TRUE
21.09.23,4-MU,1,C1,Sample,Urchin,5,Grazed,Control,2000,TRUE
21.09.23,4-MU,1,C2,Sample,Urchin,5,Grazed,Penicillin,2000,TRUE
21.09.23,4-MU,1,C3,Sample,Urchin,5,Grazed,Nystatin,2000,TRUE
21.09.23,4-MU,1,C4,Sample,Urchin,5,Grazed,Penicillin + Nystatin,2000,TRUE
21.09.23,4-MU,1,C5,Sample,Urchin,5,Control,Control,2000,TRUE
21.09.23,4-MU,1,C6,Sample,Urchin,5,Control,Penicillin,2000,TRUE
21.09.23,4-MU,1,C7,Sample,Urchin,5,Control,Nystatin,2000,TRUE
21.09.23,4-MU,1,C8,Sample,Urchin,5,Control,Penicillin + Nystatin,2000,TRUE
21.09.23,4-MU,1,C9,Sample,Control,5,1,Control,2000,TRUE
21.09.23,4-MU,1,C10,Sample,Control,5,1,Penicillin,2000,TRUE
21.09.23,4-MU,1,C11,Sample,Control,5,1,Nystatin,2000,TRUE
21.09.23,4-MU,1,C12,Sample,Control,5,1,Penicillin + Nystatin,2000,TRUE
21.09.23,4-MU,1,D1,Sample,Control,5,2,Control,2000,TRUE
21.09.23,4-MU,1,D2,Sample,Control,5,2,Penicillin,2000,TRUE
21.09.23,4-MU,1,D3,Sample,Control,5,2,Nystatin,2000,TRUE
21.09.23,4-MU,1,D4,Sample,Control,5,2,Penicillin + Nystatin,2000,TRUE
21.09.23,4-MU,1,D5,Sample,Mechanical,5,Damaged,Control,2000,TRUE
21.09.23,4-MU,1,D6,Sample,Mechanical,5,Damaged,Penicillin,2000,TRUE
21.09.23,4-MU,1,D7,Sample,Mechanical,5,Damaged,Nystatin,2000,TRUE
21.09.23,4-MU,1,D8,Sample,Mechanical,5,Damaged,Penicillin + Nystatin,2000,TRUE
21.09.23,4-MU,1,D9,Sample,Mechanical,5,Control,Control,2000,TRUE
21.09.23,4-MU,1,D10,Sample,Mechanical,5,Control,Penicillin,2000,TRUE
21.09.23,4-MU,1,D11,Sample,Mechanical,5,Control,Nystatin,2000,TRUE
21.09.23,4-MU,1,D12,Sample,Mechanical,5,Control,Penicillin + Nystatin,2000,TRUE
21.09.23,4-MU,1,E1,Sample,Urchin,6,Grazed,Control,2000,TRUE
21.09.23,4-MU,1,E2,Sample,Urchin,6,Grazed,Penicillin,2000,TRUE
21.09.23,4-MU,1,E3,Sample,Urchin,6,Grazed,Nystatin,2000,TRUE
21.09.23,4-MU,1,E4,Sample,Urchin,6,Grazed,Penicillin + Nystatin,2000,TRUE
21.09.23,4-MU,1,E5,Sample,Urchin,6,Control,Control,2000,TRUE
21.09.23,4-MU,1,E6,Sample,Urchin,6,Control,Penicillin,2000,TRUE
21.09.23,4-MU,1,E7,Sample,Urchin,6,Control,Nystatin,2000,TRUE
21.09.23,4-MU,1,E8,Sample,Urchin,6,Control,Penicillin + Nystatin,2000,TRUE
21.09.23,4-MU,1,E9,Sample,Control,6,1,Control,2000,TRUE
21.09.23,4-MU,1,E10,Sample,Control,6,1,Penicillin,2000,TRUE
21.09.23,4-MU,1,E11,Sample,Control,6,1,Nystatin,2000,TRUE
21.09.23,4-MU,1,E12,Sample,Control,6,1,Penicillin + Nystatin,2000,TRUE
21.09.23,4-MU,1,F1,Sample,Control,6,2,Control,2000,TRUE
21.09.23,4-MU,1,F2,Sample,Control,6,2,Penicillin,2000,TRUE
21.09.23,4-MU,1,F3,Sample,Control,6,2,Nystatin,2000,TRUE
21.09.23,4-MU,1,F4,Sample,Control,6,2,Penicillin + Nystatin,2000,TRUE
21.09.23,4-MU,1,F5,Sample,Mechanical,6,Damaged,Control,2000,TRUE
21.09.23,4-MU,1,F6,Sample,Mechanical,6,Damaged,Penicillin,2000,TRUE
21.09.23,4-MU,1,F7,Sample,Mechanical,6,Damaged,Nystatin,2000,TRUE
21.09.23,4-MU,1,F8,Sample,Mechanical,6,Damaged,Penicillin + Nystatin,2000,TRUE
21.09.23,4-MU,1,F9,Sample,Mechanical,6,Control,Control,2000,TRUE
21.09.23,4-MU,1,F10,Sample,Mechanical,6,Control,Penicillin,2000,TRUE
21.09.23,4-MU,1,F11,Sample,Mechanical,6,Control,Nystatin,2000,TRUE
21.09.23,4-MU,1,F12,Sample,Mechanical,6,Control,Penicillin + Nystatin,2000,TRUE
21.09.23,4-MU,1,G1,Blank,NA,NA,NA,NA,2000,FALSE
21.09.23,4-MU,1,G2,Standard,NA,NA,NA,NA,0,FALSE
21.09.23,4-MU,1,G3,Standard,Control,NA,NA,NA,0,TRUE
21.09.23,4-MU,1,G4,Standard,NA,NA,NA,NA,0.1,FALSE
21.09.23,4-MU,1,G5,Standard,Control,NA,NA,NA,0.1,TRUE
21.09.23,4-MU,1,G6,Standard,NA,NA,NA,NA,0.2,FALSE
21.09.23,4-MU,1,G7,Standard,Control,NA,NA,NA,0.2,TRUE
21.09.23,4-MU,1,G8,Standard,NA,NA,NA,NA,0.5,FALSE
21.09.23,4-MU,1,G9,Standard,Control,NA,NA,NA,0.5,TRUE
21.09.23,4-MU,1,G10,Standard,NA,NA,NA,NA,1,FALSE
21.09.23,4-MU,1,G11,Standard,Control,NA,NA,NA,1,TRUE
21.09.23,4-MU,1,G12,Standard,NA,NA,NA,NA,2,FALSE
21.09.23,4-MU,1,H1,Standard,Control,NA,NA,NA,2,TRUE
21.09.23,4-MU,1,H2,Standard,NA,NA,NA,NA,5,FALSE
21.09.23,4-MU,1,H3,Standard,Control,NA,NA,NA,5,TRUE
21.09.23,4-MU,1,H4,Standard,NA,NA,NA,NA,10,FALSE
21.09.23,4-MU,1,H5,Standard,Control,NA,NA,NA,10,TRUE
21.09.23,4-MU,1,H6,Standard,NA,NA,NA,NA,20,FALSE
21.09.23,4-MU,1,H7,Standard,Control,NA,NA,NA,20,TRUE
21.09.23,4-MU,1,H8,Standard,NA,NA,NA,NA,50,FALSE
21.09.23,4-MU,1,H9,Standard,Control,NA,NA,NA,50,TRUE
21.09.23,4-MU,1,H10,Standard,NA,NA,NA,NA,100,FALSE
21.09.23,4-MU,1,H11,Standard,Control,NA,NA,NA,100,TRUE
21.09.23,4-MU,1,H12,Standard,Control,NA,NA,NA,150,TRUE
21.09.23,AMC,2,A1,Sample,Urchin,4,Grazed,Control,1000,TRUE
21.09.23,AMC,2,A2,Sample,Urchin,4,Grazed,Penicillin,1000,TRUE
21.09.23,AMC,2,A3,Sample,Urchin,4,Grazed,Nystatin,1000,TRUE
21.09.23,AMC,2,A4,Sample,Urchin,4,Grazed,Penicillin + Nystatin,1000,TRUE
21.09.23,AMC,2,A5,Sample,Urchin,4,Control,Control,1000,TRUE
21.09.23,AMC,2,A6,Sample,Urchin,4,Control,Penicillin,1000,TRUE
21.09.23,AMC,2,A7,Sample,Urchin,4,Control,Nystatin,1000,TRUE
21.09.23,AMC,2,A8,Sample,Urchin,4,Control,Penicillin + Nystatin,1000,TRUE
21.09.23,AMC,2,A9,Sample,Control,4,1,Control,1000,TRUE
21.09.23,AMC,2,A10,Sample,Control,4,1,Penicillin,1000,TRUE
21.09.23,AMC,2,A11,Sample,Control,4,1,Nystatin,1000,TRUE
21.09.23,AMC,2,A12,Sample,Control,4,1,Penicillin + Nystatin,1000,TRUE
21.09.23,AMC,2,B1,Sample,Control,4,2,Control,1000,TRUE
21.09.23,AMC,2,B2,Sample,Control,4,2,Penicillin,1000,TRUE
21.09.23,AMC,2,B3,Sample,Control,4,2,Nystatin,1000,TRUE
21.09.23,AMC,2,B4,Sample,Control,4,2,Penicillin + Nystatin,1000,TRUE
21.09.23,AMC,2,B5,Sample,Mechanical,4,Damaged,Control,1000,TRUE
21.09.23,AMC,2,B6,Sample,Mechanical,4,Damaged,Penicillin,1000,TRUE
21.09.23,AMC,2,B7,Sample,Mechanical,4,Damaged,Nystatin,1000,TRUE
21.09.23,AMC,2,B8,Sample,Mechanical,4,Damaged,Penicillin + Nystatin,1000,TRUE
21.09.23,AMC,2,B9,Sample,Mechanical,4,Control,Control,1000,TRUE
21.09.23,AMC,2,B10,Sample,Mechanical,4,Control,Penicillin,1000,TRUE
21.09.23,AMC,2,B11,Sample,Mechanical,4,Control,Nystatin,1000,TRUE
21.09.23,AMC,2,B12,Sample,Mechanical,4,Control,Penicillin + Nystatin,1000,TRUE
21.09.23,AMC,2,C1,Sample,Urchin,5,Grazed,Control,1000,TRUE
21.09.23,AMC,2,C2,Sample,Urchin,5,Grazed,Penicillin,1000,TRUE
21.09.23,AMC,2,C3,Sample,Urchin,5,Grazed,Nystatin,1000,TRUE
21.09.23,AMC,2,C4,Sample,Urchin,5,Grazed,Penicillin + Nystatin,1000,TRUE
21.09.23,AMC,2,C5,Sample,Urchin,5,Control,Control,1000,TRUE
21.09.23,AMC,2,C6,Sample,Urchin,5,Control,Penicillin,1000,TRUE
21.09.23,AMC,2,C7,Sample,Urchin,5,Control,Nystatin,1000,TRUE
21.09.23,AMC,2,C8,Sample,Urchin,5,Control,Penicillin + Nystatin,1000,TRUE
21.09.23,AMC,2,C9,Sample,Control,5,1,Control,1000,TRUE
21.09.23,AMC,2,C10,Sample,Control,5,1,Penicillin,1000,TRUE
21.09.23,AMC,2,C11,Sample,Control,5,1,Nystatin,1000,TRUE
21.09.23,AMC,2,C12,Sample,Control,5,1,Penicillin + Nystatin,1000,TRUE
21.09.23,AMC,2,D1,Sample,Control,5,2,Control,1000,TRUE
21.09.23,AMC,2,D2,Sample,Control,5,2,Penicillin,1000,TRUE
21.09.23,AMC,2,D3,Sample,Control,5,2,Nystatin,1000,TRUE
21.09.23,AMC,2,D4,Sample,Control,5,2,Penicillin + Nystatin,1000,TRUE
21.09.23,AMC,2,D5,Sample,Mechanical,5,Damaged,Control,1000,TRUE
21.09.23,AMC,2,D6,Sample,Mechanical,5,Damaged,Penicillin,1000,TRUE
21.09.23,AMC,2,D7,Sample,Mechanical,5,Damaged,Nystatin,1000,TRUE
21.09.23,AMC,2,D8,Sample,Mechanical,5,Damaged,Penicillin + Nystatin,1000,TRUE
21.09.23,AMC,2,D9,Sample,Mechanical,5,Control,Control,1000,TRUE
21.09.23,AMC,2,D10,Sample,Mechanical,5,Control,Penicillin,1000,TRUE
21.09.23,AMC,2,D11,Sample,Mechanical,5,Control,Nystatin,1000,TRUE
21.09.23,AMC,2,D12,Sample,Mechanical,5,Control,Penicillin + Nystatin,1000,TRUE
21.09.23,AMC,2,E1,Sample,Urchin,6,Grazed,Control,1000,TRUE
21.09.23,AMC,2,E2,Sample,Urchin,6,Grazed,Penicillin,1000,TRUE
21.09.23,AMC,2,E3,Sample,Urchin,6,Grazed,Nystatin,1000,TRUE
21.09.23,AMC,2,E4,Sample,Urchin,6,Grazed,Penicillin + Nystatin,1000,TRUE
21.09.23,AMC,2,E5,Sample,Urchin,6,Control,Control,1000,TRUE
21.09.23,AMC,2,E6,Sample,Urchin,6,Control,Penicillin,1000,TRUE
21.09.23,AMC,2,E7,Sample,Urchin,6,Control,Nystatin,1000,TRUE
21.09.23,AMC,2,E8,Sample,Urchin,6,Control,Penicillin + Nystatin,1000,TRUE
21.09.23,AMC,2,E9,Sample,Control,6,1,Control,1000,TRUE
21.09.23,AMC,2,E10,Sample,Control,6,1,Penicillin,1000,TRUE
21.09.23,AMC,2,E11,Sample,Control,6,1,Nystatin,1000,TRUE
21.09.23,AMC,2,E12,Sample,Control,6,1,Penicillin + Nystatin,1000,TRUE
21.09.23,AMC,2,F1,Sample,Control,6,2,Control,1000,TRUE
21.09.23,AMC,2,F2,Sample,Control,6,2,Penicillin,1000,TRUE
21.09.23,AMC,2,F3,Sample,Control,6,2,Nystatin,1000,TRUE
21.09.23,AMC,2,F4,Sample,Control,6,2,Penicillin + Nystatin,1000,TRUE
21.09.23,AMC,2,F5,Sample,Mechanical,6,Damaged,Control,1000,TRUE
21.09.23,AMC,2,F6,Sample,Mechanical,6,Damaged,Penicillin,1000,TRUE
21.09.23,AMC,2,F7,Sample,Mechanical,6,Damaged,Nystatin,1000,TRUE
21.09.23,AMC,2,F8,Sample,Mechanical,6,Damaged,Penicillin + Nystatin,1000,TRUE
21.09.23,AMC,2,F9,Sample,Mechanical,6,Control,Control,1000,TRUE
21.09.23,AMC,2,F10,Sample,Mechanical,6,Control,Penicillin,1000,TRUE
21.09.23,AMC,2,F11,Sample,Mechanical,6,Control,Nystatin,1000,TRUE
21.09.23,AMC,2,F12,Sample,Mechanical,6,Control,Penicillin + Nystatin,1000,TRUE
21.09.23,AMC,2,G1,Blank,NA,NA,NA,NA,1000,FALSE
21.09.23,AMC,2,G2,Standard,NA,NA,NA,NA,0,FALSE
21.09.23,AMC,2,G3,Standard,Control,NA,NA,NA,0,TRUE
21.09.23,AMC,2,G4,Standard,NA,NA,NA,NA,0.1,FALSE
21.09.23,AMC,2,G5,Standard,Control,NA,NA,NA,0.1,TRUE
21.09.23,AMC,2,G6,Standard,NA,NA,NA,NA,0.2,FALSE
21.09.23,AMC,2,G7,Standard,Control,NA,NA,NA,0.2,TRUE
21.09.23,AMC,2,G8,Standard,NA,NA,NA,NA,0.5,FALSE
21.09.23,AMC,2,G9,Standard,Control,NA,NA,NA,0.5,TRUE
21.09.23,AMC,2,G10,Standard,NA,NA,NA,NA,1,FALSE
21.09.23,AMC,2,G11,Standard,Control,NA,NA,NA,1,TRUE
21.09.23,AMC,2,G12,Standard,NA,NA,NA,NA,2,FALSE
21.09.23,AMC,2,H1,Standard,Control,NA,NA,NA,2,TRUE
21.09.23,AMC,2,H2,Standard,NA,NA,NA,NA,5,FALSE
21.09.23,AMC,2,H3,Standard,Control,NA,NA,NA,5,TRUE
21.09.23,AMC,2,H4,Standard,NA,NA,NA,NA,10,FALSE
21.09.23,AMC,2,H5,Standard,Control,NA,NA,NA,10,TRUE
21.09.23,AMC,2,H6,Standard,NA,NA,NA,NA,20,FALSE
21.09.23,AMC,2,H7,Standard,Control,NA,NA,NA,20,TRUE
21.09.23,AMC,2,H8,Standard,NA,NA,NA,NA,50,FALSE
21.09.23,AMC,2,H9,Standard,Control,NA,NA,NA,50,TRUE
21.09.23,AMC,2,H10,Standard,NA,NA,NA,NA,100,FALSE
21.09.23,AMC,2,H11,Standard,Control,NA,NA,NA,100,TRUE
21.09.23,AMC,2,H12,Standard,Control,NA,NA,NA,150,TRUE
22.09.23,4-MU,1,A1,Sample,Alaria esculenta,1,NA,Fresh,1,TRUE
22.09.23,4-MU,1,A2,Sample,Alaria esculenta,1,NA,Fresh,10,TRUE
22.09.23,4-MU,1,A3,Sample,Alaria esculenta,1,NA,Fresh,50,TRUE
22.09.23,4-MU,1,A4,Sample,Alaria esculenta,1,NA,Fresh,100,TRUE
22.09.23,4-MU,1,A5,Sample,Alaria esculenta,1,NA,Fresh,250,TRUE
22.09.23,4-MU,1,A6,Sample,Alaria esculenta,1,NA,Fresh,500,TRUE
22.09.23,4-MU,1,A7,Sample,Alaria esculenta,1,NA,Fresh,750,TRUE
22.09.23,4-MU,1,A8,Sample,Alaria esculenta,1,NA,Fresh,1000,TRUE
22.09.23,4-MU,1,A9,Sample,Alaria esculenta,1,NA,Fresh,1500,TRUE
22.09.23,4-MU,1,A10,Sample,Alaria esculenta,1,NA,Fresh,2000,TRUE
22.09.23,4-MU,1,A11,Sample,Alaria esculenta,1,NA,Fresh,2500,TRUE
22.09.23,4-MU,1,A12,Sample,Alaria esculenta,1,NA,Fresh,5000,TRUE
22.09.23,4-MU,1,B1,Sample,Alaria esculenta,1,NA,Control,1,TRUE
22.09.23,4-MU,1,B2,Sample,Alaria esculenta,1,NA,Control,10,TRUE
22.09.23,4-MU,1,B3,Sample,Alaria esculenta,1,NA,Control,50,TRUE
22.09.23,4-MU,1,B4,Sample,Alaria esculenta,1,NA,Control,100,TRUE
22.09.23,4-MU,1,B5,Sample,Alaria esculenta,1,NA,Control,250,TRUE
22.09.23,4-MU,1,B6,Sample,Alaria esculenta,1,NA,Control,500,TRUE
22.09.23,4-MU,1,B7,Sample,Alaria esculenta,1,NA,Control,750,TRUE
22.09.23,4-MU,1,B8,Sample,Alaria esculenta,1,NA,Control,1000,TRUE
22.09.23,4-MU,1,B9,Sample,Alaria esculenta,1,NA,Control,1500,TRUE
22.09.23,4-MU,1,B10,Sample,Alaria esculenta,1,NA,Control,2000,TRUE
22.09.23,4-MU,1,B11,Sample,Alaria esculenta,1,NA,Control,2500,TRUE
22.09.23,4-MU,1,B12,Sample,Alaria esculenta,1,NA,Control,5000,TRUE
22.09.23,4-MU,1,C1,Sample,Alaria esculenta,1,NA,Penicillin,1,TRUE
22.09.23,4-MU,1,C2,Sample,Alaria esculenta,1,NA,Penicillin,10,TRUE
22.09.23,4-MU,1,C3,Sample,Alaria esculenta,1,NA,Penicillin,50,TRUE
22.09.23,4-MU,1,C4,Sample,Alaria esculenta,1,NA,Penicillin,100,TRUE
22.09.23,4-MU,1,C5,Sample,Alaria esculenta,1,NA,Penicillin,250,TRUE
22.09.23,4-MU,1,C6,Sample,Alaria esculenta,1,NA,Penicillin,500,TRUE
22.09.23,4-MU,1,C7,Sample,Alaria esculenta,1,NA,Penicillin,750,TRUE
22.09.23,4-MU,1,C8,Sample,Alaria esculenta,1,NA,Penicillin,1000,TRUE
22.09.23,4-MU,1,C9,Sample,Alaria esculenta,1,NA,Penicillin,1500,TRUE
22.09.23,4-MU,1,C10,Sample,Alaria esculenta,1,NA,Penicillin,2000,TRUE
22.09.23,4-MU,1,C11,Sample,Alaria esculenta,1,NA,Penicillin,2500,TRUE
22.09.23,4-MU,1,C12,Sample,Alaria esculenta,1,NA,Penicillin,5000,TRUE
22.09.23,4-MU,1,D1,Sample,Alaria esculenta,1,NA,Nystatin,1,TRUE
22.09.23,4-MU,1,D2,Sample,Alaria esculenta,1,NA,Nystatin,10,TRUE
22.09.23,4-MU,1,D3,Sample,Alaria esculenta,1,NA,Nystatin,50,TRUE
22.09.23,4-MU,1,D4,Sample,Alaria esculenta,1,NA,Nystatin,100,TRUE
22.09.23,4-MU,1,D5,Sample,Alaria esculenta,1,NA,Nystatin,250,TRUE
22.09.23,4-MU,1,D6,Sample,Alaria esculenta,1,NA,Nystatin,500,TRUE
22.09.23,4-MU,1,D7,Sample,Alaria esculenta,1,NA,Nystatin,750,TRUE
22.09.23,4-MU,1,D8,Sample,Alaria esculenta,1,NA,Nystatin,1000,TRUE
22.09.23,4-MU,1,D9,Sample,Alaria esculenta,1,NA,Nystatin,1500,TRUE
22.09.23,4-MU,1,D10,Sample,Alaria esculenta,1,NA,Nystatin,2000,TRUE
22.09.23,4-MU,1,D11,Sample,Alaria esculenta,1,NA,Nystatin,2500,TRUE
22.09.23,4-MU,1,D12,Sample,Alaria esculenta,1,NA,Nystatin,5000,TRUE
22.09.23,4-MU,1,E1,Sample,Alaria esculenta,1,NA,Penicillin + Nystatin,1,TRUE
22.09.23,4-MU,1,E2,Sample,Alaria esculenta,1,NA,Penicillin + Nystatin,10,TRUE
22.09.23,4-MU,1,E3,Sample,Alaria esculenta,1,NA,Penicillin + Nystatin,50,TRUE
22.09.23,4-MU,1,E4,Sample,Alaria esculenta,1,NA,Penicillin + Nystatin,100,TRUE
22.09.23,4-MU,1,E5,Sample,Alaria esculenta,1,NA,Penicillin + Nystatin,250,TRUE
22.09.23,4-MU,1,E6,Sample,Alaria esculenta,1,NA,Penicillin + Nystatin,500,TRUE
22.09.23,4-MU,1,E7,Sample,Alaria esculenta,1,NA,Penicillin + Nystatin,750,TRUE
22.09.23,4-MU,1,E8,Sample,Alaria esculenta,1,NA,Penicillin + Nystatin,1000,TRUE
22.09.23,4-MU,1,E9,Sample,Alaria esculenta,1,NA,Penicillin + Nystatin,1500,TRUE
22.09.23,4-MU,1,E10,Sample,Alaria esculenta,1,NA,Penicillin + Nystatin,2000,TRUE
22.09.23,4-MU,1,E11,Sample,Alaria esculenta,1,NA,Penicillin + Nystatin,2500,TRUE
22.09.23,4-MU,1,E12,Sample,Alaria esculenta,1,NA,Penicillin + Nystatin,5000,TRUE
22.09.23,4-MU,1,F1,Blank,NA,NA,NA,NA,1,FALSE
22.09.23,4-MU,1,F2,Blank,NA,NA,NA,NA,10,FALSE
22.09.23,4-MU,1,F3,Blank,NA,NA,NA,NA,50,FALSE
22.09.23,4-MU,1,F4,Blank,NA,NA,NA,NA,100,FALSE
22.09.23,4-MU,1,F5,Blank,NA,NA,NA,NA,250,FALSE
22.09.23,4-MU,1,F6,Blank,NA,NA,NA,NA,500,FALSE
22.09.23,4-MU,1,F7,Blank,NA,NA,NA,NA,750,FALSE
22.09.23,4-MU,1,F8,Blank,NA,NA,NA,NA,1000,FALSE
22.09.23,4-MU,1,F9,Blank,NA,NA,NA,NA,1500,FALSE
22.09.23,4-MU,1,F10,Blank,NA,NA,NA,NA,2000,FALSE
22.09.23,4-MU,1,F11,Blank,NA,NA,NA,NA,2500,FALSE
22.09.23,4-MU,1,F12,Blank,NA,NA,NA,NA,5000,FALSE
22.09.23,4-MU,1,G1,Standard,NA,NA,NA,NA,0,FALSE
22.09.23,4-MU,1,G2,Standard,Alaria esculenta,1,NA,NA,0,TRUE
22.09.23,4-MU,1,G3,Standard,NA,NA,NA,NA,0.1,FALSE
22.09.23,4-MU,1,G4,Standard,Alaria esculenta,1,NA,NA,0.1,TRUE
22.09.23,4-MU,1,G5,Standard,NA,NA,NA,NA,0.2,FALSE
22.09.23,4-MU,1,G6,Standard,Alaria esculenta,1,NA,NA,0.2,TRUE
22.09.23,4-MU,1,G7,Standard,NA,NA,NA,NA,0.5,FALSE
22.09.23,4-MU,1,G8,Standard,Alaria esculenta,1,NA,NA,0.5,TRUE
22.09.23,4-MU,1,G9,Standard,NA,NA,NA,NA,1,FALSE
22.09.23,4-MU,1,G10,Standard,Alaria esculenta,1,NA,NA,1,TRUE
22.09.23,4-MU,1,G11,Standard,NA,NA,NA,NA,2,FALSE
22.09.23,4-MU,1,G12,Standard,Alaria esculenta,1,NA,NA,2,TRUE
22.09.23,4-MU,1,H1,Standard,NA,NA,NA,NA,5,FALSE
22.09.23,4-MU,1,H2,Standard,Alaria esculenta,1,NA,NA,5,TRUE
22.09.23,4-MU,1,H3,Standard,NA,NA,NA,NA,10,FALSE
22.09.23,4-MU,1,H4,Standard,Alaria esculenta,1,NA,NA,10,TRUE
22.09.23,4-MU,1,H5,Standard,NA,NA,NA,NA,20,FALSE
22.09.23,4-MU,1,H6,Standard,Alaria esculenta,1,NA,NA,20,TRUE
22.09.23,4-MU,1,H7,Standard,NA,NA,NA,NA,50,FALSE
22.09.23,4-MU,1,H8,Standard,Alaria esculenta,1,NA,NA,50,TRUE
22.09.23,4-MU,1,H9,Standard,NA,NA,NA,NA,100,FALSE
22.09.23,4-MU,1,H10,Standard,Alaria esculenta,1,NA,NA,100,TRUE
22.09.23,4-MU,1,H11,Standard,NA,NA,NA,NA,150,FALSE
22.09.23,4-MU,1,H12,Standard,Alaria esculenta,1,NA,NA,150,TRUE
23.09.23,AMC,1,A1,Sample,Urchin,7,Grazed,Control,1000,TRUE
23.09.23,AMC,1,A2,Sample,Urchin,7,Grazed,Penicillin,1000,TRUE
23.09.23,AMC,1,A3,Sample,Urchin,7,Grazed,Nystatin,1000,TRUE
23.09.23,AMC,1,A4,Sample,Urchin,7,Grazed,Penicillin + Nystatin,1000,TRUE
23.09.23,AMC,1,A5,Sample,Urchin,7,Control,Control,1000,TRUE
23.09.23,AMC,1,A6,Sample,Urchin,7,Control,Penicillin,1000,TRUE
23.09.23,AMC,1,A7,Sample,Urchin,7,Control,Nystatin,1000,TRUE
23.09.23,AMC,1,A8,Sample,Urchin,7,Control,Penicillin + Nystatin,1000,TRUE
23.09.23,AMC,1,A9,Sample,Control,7,1,Control,1000,TRUE
23.09.23,AMC,1,A10,Sample,Control,7,1,Penicillin,1000,TRUE
23.09.23,AMC,1,A11,Sample,Control,7,1,Nystatin,1000,TRUE
23.09.23,AMC,1,A12,Sample,Control,7,1,Penicillin + Nystatin,1000,TRUE
23.09.23,AMC,1,B1,Sample,Control,7,2,Control,1000,TRUE
23.09.23,AMC,1,B2,Sample,Control,7,2,Penicillin,1000,TRUE
23.09.23,AMC,1,B3,Sample,Control,7,2,Nystatin,1000,TRUE
23.09.23,AMC,1,B4,Sample,Control,7,2,Penicillin + Nystatin,1000,TRUE
23.09.23,AMC,1,B5,Sample,Mechanical,7,Damaged,Control,1000,TRUE
23.09.23,AMC,1,B6,Sample,Mechanical,7,Damaged,Penicillin,1000,TRUE
23.09.23,AMC,1,B7,Sample,Mechanical,7,Damaged,Nystatin,1000,TRUE
23.09.23,AMC,1,B8,Sample,Mechanical,7,Damaged,Penicillin + Nystatin,1000,TRUE
23.09.23,AMC,1,B9,Sample,Mechanical,7,Control,Control,1000,TRUE
23.09.23,AMC,1,B10,Sample,Mechanical,7,Control,Penicillin,1000,TRUE
23.09.23,AMC,1,B11,Sample,Mechanical,7,Control,Nystatin,1000,TRUE
23.09.23,AMC,1,B12,Sample,Mechanical,7,Control,Penicillin + Nystatin,1000,TRUE
23.09.23,AMC,1,C1,Sample,Urchin,8,Grazed,Control,1000,TRUE
23.09.23,AMC,1,C2,Sample,Urchin,8,Grazed,Penicillin,1000,TRUE
23.09.23,AMC,1,C3,Sample,Urchin,8,Grazed,Nystatin,1000,TRUE
23.09.23,AMC,1,C4,Sample,Urchin,8,Grazed,Penicillin + Nystatin,1000,TRUE
23.09.23,AMC,1,C5,Sample,Urchin,8,Control,Control,1000,TRUE
23.09.23,AMC,1,C6,Sample,Urchin,8,Control,Penicillin,1000,TRUE
23.09.23,AMC,1,C7,Sample,Urchin,8,Control,Nystatin,1000,TRUE
23.09.23,AMC,1,C8,Sample,Urchin,8,Control,Penicillin + Nystatin,1000,TRUE
23.09.23,AMC,1,C9,Sample,Control,8,1,Control,1000,TRUE
23.09.23,AMC,1,C10,Sample,Control,8,1,Penicillin,1000,TRUE
23.09.23,AMC,1,C11,Sample,Control,8,1,Nystatin,1000,TRUE
23.09.23,AMC,1,C12,Sample,Control,8,1,Penicillin + Nystatin,1000,TRUE
23.09.23,AMC,1,D1,Sample,Control,8,2,Control,1000,TRUE
23.09.23,AMC,1,D2,Sample,Control,8,2,Penicillin,1000,TRUE
23.09.23,AMC,1,D3,Sample,Control,8,2,Nystatin,1000,TRUE
23.09.23,AMC,1,D4,Sample,Control,8,2,Penicillin + Nystatin,1000,TRUE
23.09.23,AMC,1,D5,Sample,Mechanical,8,Damaged,Control,1000,TRUE
23.09.23,AMC,1,D6,Sample,Mechanical,8,Damaged,Penicillin,1000,TRUE
23.09.23,AMC,1,D7,Sample,Mechanical,8,Damaged,Nystatin,1000,TRUE
23.09.23,AMC,1,D8,Sample,Mechanical,8,Damaged,Penicillin + Nystatin,1000,TRUE
23.09.23,AMC,1,D9,Sample,Mechanical,8,Control,Control,1000,TRUE
23.09.23,AMC,1,D10,Sample,Mechanical,8,Control,Penicillin,1000,TRUE
23.09.23,AMC,1,D11,Sample,Mechanical,8,Control,Nystatin,1000,TRUE
23.09.23,AMC,1,D12,Sample,Mechanical,8,Control,Penicillin + Nystatin,1000,TRUE
23.09.23,AMC,1,E1,Sample,Urchin,9,Grazed,Control,1000,TRUE
23.09.23,AMC,1,E2,Sample,Urchin,9,Grazed,Penicillin,1000,TRUE
23.09.23,AMC,1,E3,Sample,Urchin,9,Grazed,Nystatin,1000,TRUE
23.09.23,AMC,1,E4,Sample,Urchin,9,Grazed,Penicillin + Nystatin,1000,TRUE
23.09.23,AMC,1,E5,Sample,Urchin,9,Control,Control,1000,TRUE
23.09.23,AMC,1,E6,Sample,Urchin,9,Control,Penicillin,1000,TRUE
23.09.23,AMC,1,E7,Sample,Urchin,9,Control,Nystatin,1000,TRUE
23.09.23,AMC,1,E8,Sample,Urchin,9,Control,Penicillin + Nystatin,1000,TRUE
23.09.23,AMC,1,E9,Sample,Control,9,1,Control,1000,TRUE
23.09.23,AMC,1,E10,Sample,Control,9,1,Penicillin,1000,TRUE
23.09.23,AMC,1,E11,Sample,Control,9,1,Nystatin,1000,TRUE
23.09.23,AMC,1,E12,Sample,Control,9,1,Penicillin + Nystatin,1000,TRUE
23.09.23,AMC,1,F1,Sample,Control,9,2,Control,1000,TRUE
23.09.23,AMC,1,F2,Sample,Control,9,2,Penicillin,1000,TRUE
23.09.23,AMC,1,F3,Sample,Control,9,2,Nystatin,1000,TRUE
23.09.23,AMC,1,F4,Sample,Control,9,2,Penicillin + Nystatin,1000,TRUE
23.09.23,AMC,1,F5,Sample,Mechanical,9,Damaged,Control,1000,TRUE
23.09.23,AMC,1,F6,Sample,Mechanical,9,Damaged,Penicillin,1000,TRUE
23.09.23,AMC,1,F7,Sample,Mechanical,9,Damaged,Nystatin,1000,TRUE
23.09.23,AMC,1,F8,Sample,Mechanical,9,Damaged,Penicillin + Nystatin,1000,TRUE
23.09.23,AMC,1,F9,Sample,Mechanical,9,Control,Control,1000,TRUE
23.09.23,AMC,1,F10,Sample,Mechanical,9,Control,Penicillin,1000,TRUE
23.09.23,AMC,1,F11,Sample,Mechanical,9,Control,Nystatin,1000,TRUE
23.09.23,AMC,1,F12,Sample,Mechanical,9,Control,Penicillin + Nystatin,1000,TRUE
23.09.23,AMC,1,G1,Blank,NA,NA,NA,NA,1000,FALSE
23.09.23,AMC,1,G2,Standard,NA,NA,NA,NA,0,FALSE
23.09.23,AMC,1,G3,Standard,Control,NA,NA,NA,0,TRUE
23.09.23,AMC,1,G4,Standard,NA,NA,NA,NA,0.1,FALSE
23.09.23,AMC,1,G5,Standard,Control,NA,NA,NA,0.1,TRUE
23.09.23,AMC,1,G6,Standard,NA,NA,NA,NA,0.2,FALSE
23.09.23,AMC,1,G7,Standard,Control,NA,NA,NA,0.2,TRUE
23.09.23,AMC,1,G8,Standard,NA,NA,NA,NA,0.5,FALSE
23.09.23,AMC,1,G9,Standard,Control,NA,NA,NA,0.5,TRUE
23.09.23,AMC,1,G10,Standard,NA,NA,NA,NA,1,FALSE
23.09.23,AMC,1,G11,Standard,Control,NA,NA,NA,1,TRUE
23.09.23,AMC,1,G12,Standard,NA,NA,NA,NA,2,FALSE
23.09.23,AMC,1,H1,Standard,Control,NA,NA,NA,2,TRUE
23.09.23,AMC,1,H2,Standard,NA,NA,NA,NA,5,FALSE
23.09.23,AMC,1,H3,Standard,Control,NA,NA,NA,5,TRUE
23.09.23,AMC,1,H4,Standard,NA,NA,NA,NA,10,FALSE
23.09.23,AMC,1,H5,Standard,Control,NA,NA,NA,10,TRUE
23.09.23,AMC,1,H6,Standard,NA,NA,NA,NA,20,FALSE
23.09.23,AMC,1,H7,Standard,Control,NA,NA,NA,20,TRUE
23.09.23,AMC,1,H8,Standard,NA,NA,NA,NA,50,FALSE
23.09.23,AMC,1,H9,Standard,Control,NA,NA,NA,50,TRUE
23.09.23,AMC,1,H10,Standard,NA,NA,NA,NA,100,FALSE
23.09.23,AMC,1,H11,Standard,Control,NA,NA,NA,100,TRUE
23.09.23,AMC,1,H12,Standard,Control,NA,NA,NA,150,TRUE
23.09.23,4-MU,2,A1,Sample,Urchin,7,Grazed,Control,2000,TRUE
23.09.23,4-MU,2,A2,Sample,Urchin,7,Grazed,Penicillin,2000,TRUE
23.09.23,4-MU,2,A3,Sample,Urchin,7,Grazed,Nystatin,2000,TRUE
23.09.23,4-MU,2,A4,Sample,Urchin,7,Grazed,Penicillin + Nystatin,2000,TRUE
23.09.23,4-MU,2,A5,Sample,Urchin,7,Control,Control,2000,TRUE
23.09.23,4-MU,2,A6,Sample,Urchin,7,Control,Penicillin,2000,TRUE
23.09.23,4-MU,2,A7,Sample,Urchin,7,Control,Nystatin,2000,TRUE
23.09.23,4-MU,2,A8,Sample,Urchin,7,Control,Penicillin + Nystatin,2000,TRUE
23.09.23,4-MU,2,A9,Sample,Control,7,1,Control,2000,TRUE
23.09.23,4-MU,2,A10,Sample,Control,7,1,Penicillin,2000,TRUE
23.09.23,4-MU,2,A11,Sample,Control,7,1,Nystatin,2000,TRUE
23.09.23,4-MU,2,A12,Sample,Control,7,1,Penicillin + Nystatin,2000,TRUE
23.09.23,4-MU,2,B1,Sample,Control,7,2,Control,2000,TRUE
23.09.23,4-MU,2,B2,Sample,Control,7,2,Penicillin,2000,TRUE
23.09.23,4-MU,2,B3,Sample,Control,7,2,Nystatin,2000,TRUE
23.09.23,4-MU,2,B4,Sample,Control,7,2,Penicillin + Nystatin,2000,TRUE
23.09.23,4-MU,2,B5,Sample,Mechanical,7,Damaged,Control,2000,TRUE
23.09.23,4-MU,2,B6,Sample,Mechanical,7,Damaged,Penicillin,2000,TRUE
23.09.23,4-MU,2,B7,Sample,Mechanical,7,Damaged,Nystatin,2000,TRUE
23.09.23,4-MU,2,B8,Sample,Mechanical,7,Damaged,Penicillin + Nystatin,2000,TRUE
23.09.23,4-MU,2,B9,Sample,Mechanical,7,Control,Control,2000,TRUE
23.09.23,4-MU,2,B10,Sample,Mechanical,7,Control,Penicillin,2000,TRUE
23.09.23,4-MU,2,B11,Sample,Mechanical,7,Control,Nystatin,2000,TRUE
23.09.23,4-MU,2,B12,Sample,Mechanical,7,Control,Penicillin + Nystatin,2000,TRUE
23.09.23,4-MU,2,C1,Sample,Urchin,8,Grazed,Control,2000,TRUE
23.09.23,4-MU,2,C2,Sample,Urchin,8,Grazed,Penicillin,2000,TRUE
23.09.23,4-MU,2,C3,Sample,Urchin,8,Grazed,Nystatin,2000,TRUE
23.09.23,4-MU,2,C4,Sample,Urchin,8,Grazed,Penicillin + Nystatin,2000,TRUE
23.09.23,4-MU,2,C5,Sample,Urchin,8,Control,Control,2000,TRUE
23.09.23,4-MU,2,C6,Sample,Urchin,8,Control,Penicillin,2000,TRUE
23.09.23,4-MU,2,C7,Sample,Urchin,8,Control,Nystatin,2000,TRUE
23.09.23,4-MU,2,C8,Sample,Urchin,8,Control,Penicillin + Nystatin,2000,TRUE
23.09.23,4-MU,2,C9,Sample,Control,8,1,Control,2000,TRUE
23.09.23,4-MU,2,C10,Sample,Control,8,1,Penicillin,2000,TRUE
23.09.23,4-MU,2,C11,Sample,Control,8,1,Nystatin,2000,TRUE
23.09.23,4-MU,2,C12,Sample,Control,8,1,Penicillin + Nystatin,2000,TRUE
23.09.23,4-MU,2,D1,Sample,Control,8,2,Control,2000,TRUE
23.09.23,4-MU,2,D2,Sample,Control,8,2,Penicillin,2000,TRUE
23.09.23,4-MU,2,D3,Sample,Control,8,2,Nystatin,2000,TRUE
23.09.23,4-MU,2,D4,Sample,Control,8,2,Penicillin + Nystatin,2000,TRUE
23.09.23,4-MU,2,D5,Sample,Mechanical,8,Damaged,Control,2000,TRUE
23.09.23,4-MU,2,D6,Sample,Mechanical,8,Damaged,Penicillin,2000,TRUE
23.09.23,4-MU,2,D7,Sample,Mechanical,8,Damaged,Nystatin,2000,TRUE
23.09.23,4-MU,2,D8,Sample,Mechanical,8,Damaged,Penicillin + Nystatin,2000,TRUE
23.09.23,4-MU,2,D9,Sample,Mechanical,8,Control,Control,2000,TRUE
23.09.23,4-MU,2,D10,Sample,Mechanical,8,Control,Penicillin,2000,TRUE
23.09.23,4-MU,2,D11,Sample,Mechanical,8,Control,Nystatin,2000,TRUE
23.09.23,4-MU,2,D12,Sample,Mechanical,8,Control,Penicillin + Nystatin,2000,TRUE
23.09.23,4-MU,2,E1,Sample,Urchin,9,Grazed,Control,2000,TRUE
23.09.23,4-MU,2,E2,Sample,Urchin,9,Grazed,Penicillin,2000,TRUE
23.09.23,4-MU,2,E3,Sample,Urchin,9,Grazed,Nystatin,2000,TRUE
23.09.23,4-MU,2,E4,Sample,Urchin,9,Grazed,Penicillin + Nystatin,2000,TRUE
23.09.23,4-MU,2,E5,Sample,Urchin,9,Control,Control,2000,TRUE
23.09.23,4-MU,2,E6,Sample,Urchin,9,Control,Penicillin,2000,TRUE
23.09.23,4-MU,2,E7,Sample,Urchin,9,Control,Nystatin,2000,TRUE
23.09.23,4-MU,2,E8,Sample,Urchin,9,Control,Penicillin + Nystatin,2000,TRUE
23.09.23,4-MU,2,E9,Sample,Control,9,1,Control,2000,TRUE
23.09.23,4-MU,2,E10,Sample,Control,9,1,Penicillin,2000,TRUE
23.09.23,4-MU,2,E11,Sample,Control,9,1,Nystatin,2000,TRUE
23.09.23,4-MU,2,E12,Sample,Control,9,1,Penicillin + Nystatin,2000,TRUE
23.09.23,4-MU,2,F1,Sample,Control,9,2,Control,2000,TRUE
23.09.23,4-MU,2,F2,Sample,Control,9,2,Penicillin,2000,TRUE
23.09.23,4-MU,2,F3,Sample,Control,9,2,Nystatin,2000,TRUE
23.09.23,4-MU,2,F4,Sample,Control,9,2,Penicillin + Nystatin,2000,TRUE
23.09.23,4-MU,2,F5,Sample,Mechanical,9,Damaged,Control,2000,TRUE
23.09.23,4-MU,2,F6,Sample,Mechanical,9,Damaged,Penicillin,2000,TRUE
23.09.23,4-MU,2,F7,Sample,Mechanical,9,Damaged,Nystatin,2000,TRUE
23.09.23,4-MU,2,F8,Sample,Mechanical,9,Damaged,Penicillin + Nystatin,2000,TRUE
23.09.23,4-MU,2,F9,Sample,Mechanical,9,Control,Control,2000,TRUE
23.09.23,4-MU,2,F10,Sample,Mechanical,9,Control,Penicillin,2000,TRUE
23.09.23,4-MU,2,F11,Sample,Mechanical,9,Control,Nystatin,2000,TRUE
23.09.23,4-MU,2,F12,Sample,Mechanical,9,Control,Penicillin + Nystatin,2000,TRUE
23.09.23,4-MU,2,G1,Blank,NA,NA,NA,NA,2000,FALSE
23.09.23,4-MU,2,G2,Standard,NA,NA,NA,NA,0,FALSE
23.09.23,4-MU,2,G3,Standard,Control,NA,NA,NA,0,TRUE
23.09.23,4-MU,2,G4,Standard,NA,NA,NA,NA,0.1,FALSE
23.09.23,4-MU,2,G5,Standard,Control,NA,NA,NA,0.1,TRUE
23.09.23,4-MU,2,G6,Standard,NA,NA,NA,NA,0.2,FALSE
23.09.23,4-MU,2,G7,Standard,Control,NA,NA,NA,0.2,TRUE
23.09.23,4-MU,2,G8,Standard,NA,NA,NA,NA,0.5,FALSE
23.09.23,4-MU,2,G9,Standard,Control,NA,NA,NA,0.5,TRUE
23.09.23,4-MU,2,G10,Standard,NA,NA,NA,NA,1,FALSE
23.09.23,4-MU,2,G11,Standard,Control,NA,NA,NA,1,TRUE
23.09.23,4-MU,2,G12,Standard,NA,NA,NA,NA,2,FALSE
23.09.23,4-MU,2,H1,Standard,Control,NA,NA,NA,2,TRUE
23.09.23,4-MU,2,H2,Standard,NA,NA,NA,NA,5,FALSE
23.09.23,4-MU,2,H3,Standard,Control,NA,NA,NA,5,TRUE
23.09.23,4-MU,2,H4,Standard,NA,NA,NA,NA,10,FALSE
23.09.23,4-MU,2,H5,Standard,Control,NA,NA,NA,10,TRUE
23.09.23,4-MU,2,H6,Standard,NA,NA,NA,NA,20,FALSE
23.09.23,4-MU,2,H7,Standard,Control,NA,NA,NA,20,TRUE
23.09.23,4-MU,2,H8,Standard,NA,NA,NA,NA,50,FALSE
23.09.23,4-MU,2,H9,Standard,Control,NA,NA,NA,50,TRUE
23.09.23,4-MU,2,H10,Standard,NA,NA,NA,NA,100,FALSE
23.09.23,4-MU,2,H11,Standard,Control,NA,NA,NA,100,TRUE
23.09.23,4-MU,2,H12,Standard,Control,NA,NA,NA,150,TRUE
24.09.23,4-MU,1,A1,Sample,Laminaria digitata,1,NA,Fresh,1,TRUE
24.09.23,4-MU,1,A2,Sample,Laminaria digitata,1,NA,Fresh,10,TRUE
24.09.23,4-MU,1,A3,Sample,Laminaria digitata,1,NA,Fresh,50,TRUE
24.09.23,4-MU,1,A4,Sample,Laminaria digitata,1,NA,Fresh,100,TRUE
24.09.23,4-MU,1,A5,Sample,Laminaria digitata,1,NA,Fresh,250,TRUE
24.09.23,4-MU,1,A6,Sample,Laminaria digitata,1,NA,Fresh,500,TRUE
24.09.23,4-MU,1,A7,Sample,Laminaria digitata,1,NA,Fresh,750,TRUE
24.09.23,4-MU,1,A8,Sample,Laminaria digitata,1,NA,Fresh,1000,TRUE
24.09.23,4-MU,1,A9,Sample,Laminaria digitata,1,NA,Fresh,1500,TRUE
24.09.23,4-MU,1,A10,Sample,Laminaria digitata,1,NA,Fresh,2000,TRUE
24.09.23,4-MU,1,A11,Sample,Laminaria digitata,1,NA,Fresh,2500,TRUE
24.09.23,4-MU,1,A12,Sample,Laminaria digitata,1,NA,Fresh,5000,TRUE
24.09.23,4-MU,1,B1,Sample,Laminaria digitata,1,NA,Control,1,TRUE
24.09.23,4-MU,1,B2,Sample,Laminaria digitata,1,NA,Control,10,TRUE
24.09.23,4-MU,1,B3,Sample,Laminaria digitata,1,NA,Control,50,TRUE
24.09.23,4-MU,1,B4,Sample,Laminaria digitata,1,NA,Control,100,TRUE
24.09.23,4-MU,1,B5,Sample,Laminaria digitata,1,NA,Control,250,TRUE
24.09.23,4-MU,1,B6,Sample,Laminaria digitata,1,NA,Control,500,TRUE
24.09.23,4-MU,1,B7,Sample,Laminaria digitata,1,NA,Control,750,TRUE
24.09.23,4-MU,1,B8,Sample,Laminaria digitata,1,NA,Control,1000,TRUE
24.09.23,4-MU,1,B9,Sample,Laminaria digitata,1,NA,Control,1500,TRUE
24.09.23,4-MU,1,B10,Sample,Laminaria digitata,1,NA,Control,2000,TRUE
24.09.23,4-MU,1,B11,Sample,Laminaria digitata,1,NA,Control,2500,TRUE
24.09.23,4-MU,1,B12,Sample,Laminaria digitata,1,NA,Control,5000,TRUE
24.09.23,4-MU,1,C1,Sample,Laminaria digitata,1,NA,Penicillin,1,TRUE
24.09.23,4-MU,1,C2,Sample,Laminaria digitata,1,NA,Penicillin,10,TRUE
24.09.23,4-MU,1,C3,Sample,Laminaria digitata,1,NA,Penicillin,50,TRUE
24.09.23,4-MU,1,C4,Sample,Laminaria digitata,1,NA,Penicillin,100,TRUE
24.09.23,4-MU,1,C5,Sample,Laminaria digitata,1,NA,Penicillin,250,TRUE
24.09.23,4-MU,1,C6,Sample,Laminaria digitata,1,NA,Penicillin,500,TRUE
24.09.23,4-MU,1,C7,Sample,Laminaria digitata,1,NA,Penicillin,750,TRUE
24.09.23,4-MU,1,C8,Sample,Laminaria digitata,1,NA,Penicillin,1000,TRUE
24.09.23,4-MU,1,C9,Sample,Laminaria digitata,1,NA,Penicillin,1500,TRUE
24.09.23,4-MU,1,C10,Sample,Laminaria digitata,1,NA,Penicillin,2000,TRUE
24.09.23,4-MU,1,C11,Sample,Laminaria digitata,1,NA,Penicillin,2500,TRUE
24.09.23,4-MU,1,C12,Sample,Laminaria digitata,1,NA,Penicillin,5000,TRUE
24.09.23,4-MU,1,D1,Sample,Laminaria digitata,1,NA,Nystatin,1,TRUE
24.09.23,4-MU,1,D2,Sample,Laminaria digitata,1,NA,Nystatin,10,TRUE
24.09.23,4-MU,1,D3,Sample,Laminaria digitata,1,NA,Nystatin,50,TRUE
24.09.23,4-MU,1,D4,Sample,Laminaria digitata,1,NA,Nystatin,100,TRUE
24.09.23,4-MU,1,D5,Sample,Laminaria digitata,1,NA,Nystatin,250,TRUE
24.09.23,4-MU,1,D6,Sample,Laminaria digitata,1,NA,Nystatin,500,TRUE
24.09.23,4-MU,1,D7,Sample,Laminaria digitata,1,NA,Nystatin,750,TRUE
24.09.23,4-MU,1,D8,Sample,Laminaria digitata,1,NA,Nystatin,1000,TRUE
24.09.23,4-MU,1,D9,Sample,Laminaria digitata,1,NA,Nystatin,1500,TRUE
24.09.23,4-MU,1,D10,Sample,Laminaria digitata,1,NA,Nystatin,2000,TRUE
24.09.23,4-MU,1,D11,Sample,Laminaria digitata,1,NA,Nystatin,2500,TRUE
24.09.23,4-MU,1,D12,Sample,Laminaria digitata,1,NA,Nystatin,5000,TRUE
24.09.23,4-MU,1,E1,Sample,Laminaria digitata,1,NA,Penicillin + Nystatin,1,TRUE
24.09.23,4-MU,1,E2,Sample,Laminaria digitata,1,NA,Penicillin + Nystatin,10,TRUE
24.09.23,4-MU,1,E3,Sample,Laminaria digitata,1,NA,Penicillin + Nystatin,50,TRUE
24.09.23,4-MU,1,E4,Sample,Laminaria digitata,1,NA,Penicillin + Nystatin,100,TRUE
24.09.23,4-MU,1,E5,Sample,Laminaria digitata,1,NA,Penicillin + Nystatin,250,TRUE
24.09.23,4-MU,1,E6,Sample,Laminaria digitata,1,NA,Penicillin + Nystatin,500,TRUE
24.09.23,4-MU,1,E7,Sample,Laminaria digitata,1,NA,Penicillin + Nystatin,750,TRUE
24.09.23,4-MU,1,E8,Sample,Laminaria digitata,1,NA,Penicillin + Nystatin,1000,TRUE
24.09.23,4-MU,1,E9,Sample,Laminaria digitata,1,NA,Penicillin + Nystatin,1500,TRUE
24.09.23,4-MU,1,E10,Sample,Laminaria digitata,1,NA,Penicillin + Nystatin,2000,TRUE
24.09.23,4-MU,1,E11,Sample,Laminaria digitata,1,NA,Penicillin + Nystatin,2500,TRUE
24.09.23,4-MU,1,E12,Sample,Laminaria digitata,1,NA,Penicillin + Nystatin,5000,TRUE
24.09.23,4-MU,1,F1,Blank,NA,NA,NA,NA,1,FALSE
24.09.23,4-MU,1,F2,Blank,NA,NA,NA,NA,10,FALSE
24.09.23,4-MU,1,F3,Blank,NA,NA,NA,NA,50,FALSE
24.09.23,4-MU,1,F4,Blank,NA,NA,NA,NA,100,FALSE
24.09.23,4-MU,1,F5,Blank,NA,NA,NA,NA,250,FALSE
24.09.23,4-MU,1,F6,Blank,NA,NA,NA,NA,500,FALSE
24.09.23,4-MU,1,F7,Blank,NA,NA,NA,NA,750,FALSE
24.09.23,4-MU,1,F8,Blank,NA,NA,NA,NA,1000,FALSE
24.09.23,4-MU,1,F9,Blank,NA,NA,NA,NA,1500,FALSE
24.09.23,4-MU,1,F10,Blank,NA,NA,NA,NA,2000,FALSE
24.09.23,4-MU,1,F11,Blank,NA,NA,NA,NA,2500,FALSE
24.09.23,4-MU,1,F12,Blank,NA,NA,NA,NA,5000,FALSE
24.09.23,4-MU,1,G1,Standard,NA,NA,NA,NA,0,FALSE
24.09.23,4-MU,1,G2,Standard,NA,NA,NA,NA,0.1,FALSE
24.09.23,4-MU,1,G3,Standard,NA,NA,NA,NA,0.2,FALSE
24.09.23,4-MU,1,G4,Standard,NA,NA,NA,NA,0.5,FALSE
24.09.23,4-MU,1,G5,Standard,NA,NA,NA,NA,1,FALSE
24.09.23,4-MU,1,G6,Standard,NA,NA,NA,NA,2,FALSE
24.09.23,4-MU,1,G7,Standard,NA,NA,NA,NA,5,FALSE
24.09.23,4-MU,1,G8,Standard,NA,NA,NA,NA,10,FALSE
24.09.23,4-MU,1,G9,Standard,NA,NA,NA,NA,20,FALSE
24.09.23,4-MU,1,G10,Standard,NA,NA,NA,NA,50,FALSE
24.09.23,4-MU,1,G11,Standard,NA,NA,NA,NA,100,FALSE
24.09.23,4-MU,1,G12,Standard,NA,NA,NA,NA,150,FALSE
24.09.23,4-MU,1,H1,Standard,Laminaria digitata,1,NA,NA,0,TRUE
24.09.23,4-MU,1,H2,Standard,Laminaria digitata,1,NA,NA,0.1,TRUE
24.09.23,4-MU,1,H3,Standard,Laminaria digitata,1,NA,NA,0.2,TRUE
24.09.23,4-MU,1,H4,Standard,Laminaria digitata,1,NA,NA,0.5,TRUE
24.09.23,4-MU,1,H5,Standard,Laminaria digitata,1,NA,NA,1,TRUE
24.09.23,4-MU,1,H6,Standard,Laminaria digitata,1,NA,NA,2,TRUE
24.09.23,4-MU,1,H7,Standard,Laminaria digitata,1,NA,NA,5,TRUE
24.09.23,4-MU,1,H8,Standard,Laminaria digitata,1,NA,NA,10,TRUE
24.09.23,4-MU,1,H9,Standard,Laminaria digitata,1,NA,NA,20,TRUE
24.09.23,4-MU,1,H10,Standard,Laminaria digitata,1,NA,NA,50,TRUE
24.09.23,4-MU,1,H11,Standard,Laminaria digitata,1,NA,NA,100,TRUE
24.09.23,4-MU,1,H12,Standard,Laminaria digitata,1,NA,NA,150,TRUE
25.09.23,4-MU,1,A1,Sample,Urchin,10,Grazed,Control,2000,TRUE
25.09.23,4-MU,1,A2,Sample,Urchin,10,Grazed,Penicillin,2000,TRUE
25.09.23,4-MU,1,A3,Sample,Urchin,10,Grazed,Nystatin,2000,TRUE
25.09.23,4-MU,1,A4,Sample,Urchin,10,Grazed,Penicillin + Nystatin,2000,TRUE
25.09.23,4-MU,1,A5,Sample,Urchin,10,Control,Control,2000,TRUE
25.09.23,4-MU,1,A6,Sample,Urchin,10,Control,Penicillin,2000,TRUE
25.09.23,4-MU,1,A7,Sample,Urchin,10,Control,Nystatin,2000,TRUE
25.09.23,4-MU,1,A8,Sample,Urchin,10,Control,Penicillin + Nystatin,2000,TRUE
25.09.23,4-MU,1,A9,Sample,Control,10,1,Control,2000,TRUE
25.09.23,4-MU,1,A10,Sample,Control,10,1,Penicillin,2000,TRUE
25.09.23,4-MU,1,A11,Sample,Control,10,1,Nystatin,2000,TRUE
25.09.23,4-MU,1,A12,Sample,Control,10,1,Penicillin + Nystatin,2000,TRUE
25.09.23,4-MU,1,B1,Sample,Control,10,2,Control,2000,TRUE
25.09.23,4-MU,1,B2,Sample,Control,10,2,Penicillin,2000,TRUE
25.09.23,4-MU,1,B3,Sample,Control,10,2,Nystatin,2000,TRUE
25.09.23,4-MU,1,B4,Sample,Control,10,2,Penicillin + Nystatin,2000,TRUE
25.09.23,4-MU,1,B5,Sample,Mechanical,10,Damaged,Control,2000,TRUE
25.09.23,4-MU,1,B6,Sample,Mechanical,10,Damaged,Penicillin,2000,TRUE
25.09.23,4-MU,1,B7,Sample,Mechanical,10,Damaged,Nystatin,2000,TRUE
25.09.23,4-MU,1,B8,Sample,Mechanical,10,Damaged,Penicillin + Nystatin,2000,TRUE
25.09.23,4-MU,1,B9,Sample,Mechanical,10,Control,Control,2000,TRUE
25.09.23,4-MU,1,B10,Sample,Mechanical,10,Control,Penicillin,2000,TRUE
25.09.23,4-MU,1,B11,Sample,Mechanical,10,Control,Nystatin,2000,TRUE
25.09.23,4-MU,1,B12,Sample,Mechanical,10,Control,Penicillin + Nystatin,2000,TRUE
25.09.23,4-MU,1,C1,Sample,Urchin,11,Grazed,Control,2000,TRUE
25.09.23,4-MU,1,C2,Sample,Urchin,11,Grazed,Penicillin,2000,TRUE
25.09.23,4-MU,1,C3,Sample,Urchin,11,Grazed,Nystatin,2000,TRUE
25.09.23,4-MU,1,C4,Sample,Urchin,11,Grazed,Penicillin + Nystatin,2000,TRUE
25.09.23,4-MU,1,C5,Sample,Urchin,11,Control,Control,2000,TRUE
25.09.23,4-MU,1,C6,Sample,Urchin,11,Control,Penicillin,2000,TRUE
25.09.23,4-MU,1,C7,Sample,Urchin,11,Control,Nystatin,2000,TRUE
25.09.23,4-MU,1,C8,Sample,Urchin,11,Control,Penicillin + Nystatin,2000,TRUE
25.09.23,4-MU,1,C9,Sample,Control,11,1,Control,2000,TRUE
25.09.23,4-MU,1,C10,Sample,Control,11,1,Penicillin,2000,TRUE
25.09.23,4-MU,1,C11,Sample,Control,11,1,Nystatin,2000,TRUE
25.09.23,4-MU,1,C12,Sample,Control,11,1,Penicillin + Nystatin,2000,TRUE
25.09.23,4-MU,1,D1,Sample,Control,11,2,Control,2000,TRUE
25.09.23,4-MU,1,D2,Sample,Control,11,2,Penicillin,2000,TRUE
25.09.23,4-MU,1,D3,Sample,Control,11,2,Nystatin,2000,TRUE
25.09.23,4-MU,1,D4,Sample,Control,11,2,Penicillin + Nystatin,2000,TRUE
25.09.23,4-MU,1,D5,Sample,Mechanical,11,Damaged,Control,2000,TRUE
25.09.23,4-MU,1,D6,Sample,Mechanical,11,Damaged,Penicillin,2000,TRUE
25.09.23,4-MU,1,D7,Sample,Mechanical,11,Damaged,Nystatin,2000,TRUE
25.09.23,4-MU,1,D8,Sample,Mechanical,11,Damaged,Penicillin + Nystatin,2000,TRUE
25.09.23,4-MU,1,D9,Sample,Mechanical,11,Control,Control,2000,TRUE
25.09.23,4-MU,1,D10,Sample,Mechanical,11,Control,Penicillin,2000,TRUE
25.09.23,4-MU,1,D11,Sample,Mechanical,11,Control,Nystatin,2000,TRUE
25.09.23,4-MU,1,D12,Sample,Mechanical,11,Control,Penicillin + Nystatin,2000,TRUE
25.09.23,4-MU,1,E1,Sample,Urchin,12,Grazed,Control,2000,TRUE
25.09.23,4-MU,1,E2,Sample,Urchin,12,Grazed,Penicillin,2000,TRUE
25.09.23,4-MU,1,E3,Sample,Urchin,12,Grazed,Nystatin,2000,TRUE
25.09.23,4-MU,1,E4,Sample,Urchin,12,Grazed,Penicillin + Nystatin,2000,TRUE
25.09.23,4-MU,1,E5,Sample,Urchin,12,Control,Control,2000,TRUE
25.09.23,4-MU,1,E6,Sample,Urchin,12,Control,Penicillin,2000,TRUE
25.09.23,4-MU,1,E7,Sample,Urchin,12,Control,Nystatin,2000,TRUE
25.09.23,4-MU,1,E8,Sample,Urchin,12,Control,Penicillin + Nystatin,2000,TRUE
25.09.23,4-MU,1,E9,Sample,Control,12,1,Control,2000,TRUE
25.09.23,4-MU,1,E10,Sample,Control,12,1,Penicillin,2000,TRUE
25.09.23,4-MU,1,E11,Sample,Control,12,1,Nystatin,2000,TRUE
25.09.23,4-MU,1,E12,Sample,Control,12,1,Penicillin + Nystatin,2000,TRUE
25.09.23,4-MU,1,F1,Sample,Control,12,2,Control,2000,TRUE
25.09.23,4-MU,1,F2,Sample,Control,12,2,Penicillin,2000,TRUE
25.09.23,4-MU,1,F3,Sample,Control,12,2,Nystatin,2000,TRUE
25.09.23,4-MU,1,F4,Sample,Control,12,2,Penicillin + Nystatin,2000,TRUE
25.09.23,4-MU,1,F5,Sample,Mechanical,12,Damaged,Control,2000,TRUE
25.09.23,4-MU,1,F6,Sample,Mechanical,12,Damaged,Penicillin,2000,TRUE
25.09.23,4-MU,1,F7,Sample,Mechanical,12,Damaged,Nystatin,2000,TRUE
25.09.23,4-MU,1,F8,Sample,Mechanical,12,Damaged,Penicillin + Nystatin,2000,TRUE
25.09.23,4-MU,1,F9,Sample,Mechanical,12,Control,Control,2000,TRUE
25.09.23,4-MU,1,F10,Sample,Mechanical,12,Control,Penicillin,2000,TRUE
25.09.23,4-MU,1,F11,Sample,Mechanical,12,Control,Nystatin,2000,TRUE
25.09.23,4-MU,1,F12,Sample,Mechanical,12,Control,Penicillin + Nystatin,2000,TRUE
25.09.23,4-MU,1,G1,Blank,NA,NA,NA,NA,2000,FALSE
25.09.23,4-MU,1,G2,Standard,NA,NA,NA,NA,0,FALSE
25.09.23,4-MU,1,G3,Standard,Control,NA,NA,NA,0,TRUE
25.09.23,4-MU,1,G4,Standard,NA,NA,NA,NA,0.1,FALSE
25.09.23,4-MU,1,G5,Standard,Control,NA,NA,NA,0.1,TRUE
25.09.23,4-MU,1,G6,Standard,NA,NA,NA,NA,0.2,FALSE
25.09.23,4-MU,1,G7,Standard,Control,NA,NA,NA,0.2,TRUE
25.09.23,4-MU,1,G8,Standard,NA,NA,NA,NA,0.5,FALSE
25.09.23,4-MU,1,G9,Standard,Control,NA,NA,NA,0.5,TRUE
25.09.23,4-MU,1,G10,Standard,NA,NA,NA,NA,1,FALSE
25.09.23,4-MU,1,G11,Standard,Control,NA,NA,NA,1,TRUE
25.09.23,4-MU,1,G12,Standard,NA,NA,NA,NA,2,FALSE
25.09.23,4-MU,1,H1,Standard,Control,NA,NA,NA,2,TRUE
25.09.23,4-MU,1,H2,Standard,NA,NA,NA,NA,5,FALSE
25.09.23,4-MU,1,H3,Standard,Control,NA,NA,NA,5,TRUE
25.09.23,4-MU,1,H4,Standard,NA,NA,NA,NA,10,FALSE
25.09.23,4-MU,1,H5,Standard,Control,NA,NA,NA,10,TRUE
25.09.23,4-MU,1,H6,Standard,NA,NA,NA,NA,20,FALSE
25.09.23,4-MU,1,H7,Standard,Control,NA,NA,NA,20,TRUE
25.09.23,4-MU,1,H8,Standard,NA,NA,NA,NA,50,FALSE
25.09.23,4-MU,1,H9,Standard,Control,NA,NA,NA,50,TRUE
25.09.23,4-MU,1,H10,Standard,NA,NA,NA,NA,100,FALSE
25.09.23,4-MU,1,H11,Standard,Control,NA,NA,NA,100,TRUE
25.09.23,4-MU,1,H12,Standard,Control,NA,NA,NA,150,TRUE
25.09.23,AMC,2,A1,Sample,Urchin,10,Grazed,Control,1000,TRUE
25.09.23,AMC,2,A2,Sample,Urchin,10,Grazed,Penicillin,1000,TRUE
25.09.23,AMC,2,A3,Sample,Urchin,10,Grazed,Nystatin,1000,TRUE
25.09.23,AMC,2,A4,Sample,Urchin,10,Grazed,Penicillin + Nystatin,1000,TRUE
25.09.23,AMC,2,A5,Sample,Urchin,10,Control,Control,1000,TRUE
25.09.23,AMC,2,A6,Sample,Urchin,10,Control,Penicillin,1000,TRUE
25.09.23,AMC,2,A7,Sample,Urchin,10,Control,Nystatin,1000,TRUE
25.09.23,AMC,2,A8,Sample,Urchin,10,Control,Penicillin + Nystatin,1000,TRUE
25.09.23,AMC,2,A9,Sample,Control,10,1,Control,1000,TRUE
25.09.23,AMC,2,A10,Sample,Control,10,1,Penicillin,1000,TRUE
25.09.23,AMC,2,A11,Sample,Control,10,1,Nystatin,1000,TRUE
25.09.23,AMC,2,A12,Sample,Control,10,1,Penicillin + Nystatin,1000,TRUE
25.09.23,AMC,2,B1,Sample,Control,10,2,Control,1000,TRUE
25.09.23,AMC,2,B2,Sample,Control,10,2,Penicillin,1000,TRUE
25.09.23,AMC,2,B3,Sample,Control,10,2,Nystatin,1000,TRUE
25.09.23,AMC,2,B4,Sample,Control,10,2,Penicillin + Nystatin,1000,TRUE
25.09.23,AMC,2,B5,Sample,Mechanical,10,Damaged,Control,1000,TRUE
25.09.23,AMC,2,B6,Sample,Mechanical,10,Damaged,Penicillin,1000,TRUE
25.09.23,AMC,2,B7,Sample,Mechanical,10,Damaged,Nystatin,1000,TRUE
25.09.23,AMC,2,B8,Sample,Mechanical,10,Damaged,Penicillin + Nystatin,1000,TRUE
25.09.23,AMC,2,B9,Sample,Mechanical,10,Control,Control,1000,TRUE
25.09.23,AMC,2,B10,Sample,Mechanical,10,Control,Penicillin,1000,TRUE
25.09.23,AMC,2,B11,Sample,Mechanical,10,Control,Nystatin,1000,TRUE
25.09.23,AMC,2,B12,Sample,Mechanical,10,Control,Penicillin + Nystatin,1000,TRUE
25.09.23,AMC,2,C1,Sample,Urchin,11,Grazed,Control,1000,TRUE
25.09.23,AMC,2,C2,Sample,Urchin,11,Grazed,Penicillin,1000,TRUE
25.09.23,AMC,2,C3,Sample,Urchin,11,Grazed,Nystatin,1000,TRUE
25.09.23,AMC,2,C4,Sample,Urchin,11,Grazed,Penicillin + Nystatin,1000,TRUE
25.09.23,AMC,2,C5,Sample,Urchin,11,Control,Control,1000,TRUE
25.09.23,AMC,2,C6,Sample,Urchin,11,Control,Penicillin,1000,TRUE
25.09.23,AMC,2,C7,Sample,Urchin,11,Control,Nystatin,1000,TRUE
25.09.23,AMC,2,C8,Sample,Urchin,11,Control,Penicillin + Nystatin,1000,TRUE
25.09.23,AMC,2,C9,Sample,Control,11,1,Control,1000,TRUE
25.09.23,AMC,2,C10,Sample,Control,11,1,Penicillin,1000,TRUE
25.09.23,AMC,2,C11,Sample,Control,11,1,Nystatin,1000,TRUE
25.09.23,AMC,2,C12,Sample,Control,11,1,Penicillin + Nystatin,1000,TRUE
25.09.23,AMC,2,D1,Sample,Control,11,2,Control,1000,TRUE
25.09.23,AMC,2,D2,Sample,Control,11,2,Penicillin,1000,TRUE
25.09.23,AMC,2,D3,Sample,Control,11,2,Nystatin,1000,TRUE
25.09.23,AMC,2,D4,Sample,Control,11,2,Penicillin + Nystatin,1000,TRUE
25.09.23,AMC,2,D5,Sample,Mechanical,11,Damaged,Control,1000,TRUE
25.09.23,AMC,2,D6,Sample,Mechanical,11,Damaged,Penicillin,1000,TRUE
25.09.23,AMC,2,D7,Sample,Mechanical,11,Damaged,Nystatin,1000,TRUE
25.09.23,AMC,2,D8,Sample,Mechanical,11,Damaged,Penicillin + Nystatin,1000,TRUE
25.09.23,AMC,2,D9,Sample,Mechanical,11,Control,Control,1000,TRUE
25.09.23,AMC,2,D10,Sample,Mechanical,11,Control,Penicillin,1000,TRUE
25.09.23,AMC,2,D11,Sample,Mechanical,11,Control,Nystatin,1000,TRUE
25.09.23,AMC,2,D12,Sample,Mechanical,11,Control,Penicillin + Nystatin,1000,TRUE
25.09.23,AMC,2,E1,Sample,Urchin,12,Grazed,Control,1000,TRUE
25.09.23,AMC,2,E2,Sample,Urchin,12,Grazed,Penicillin,1000,TRUE
25.09.23,AMC,2,E3,Sample,Urchin,12,Grazed,Nystatin,1000,TRUE
25.09.23,AMC,2,E4,Sample,Urchin,12,Grazed,Penicillin + Nystatin,1000,TRUE
25.09.23,AMC,2,E5,Sample,Urchin,12,Control,Control,1000,TRUE
25.09.23,AMC,2,E6,Sample,Urchin,12,Control,Penicillin,1000,TRUE
25.09.23,AMC,2,E7,Sample,Urchin,12,Control,Nystatin,1000,TRUE
25.09.23,AMC,2,E8,Sample,Urchin,12,Control,Penicillin + Nystatin,1000,TRUE
25.09.23,AMC,2,E9,Sample,Control,12,1,Control,1000,TRUE
25.09.23,AMC,2,E10,Sample,Control,12,1,Penicillin,1000,TRUE
25.09.23,AMC,2,E11,Sample,Control,12,1,Nystatin,1000,TRUE
25.09.23,AMC,2,E12,Sample,Control,12,1,Penicillin + Nystatin,1000,TRUE
25.09.23,AMC,2,F1,Sample,Control,12,2,Control,1000,TRUE
25.09.23,AMC,2,F2,Sample,Control,12,2,Penicillin,1000,TRUE
25.09.23,AMC,2,F3,Sample,Control,12,2,Nystatin,1000,TRUE
25.09.23,AMC,2,F4,Sample,Control,12,2,Penicillin + Nystatin,1000,TRUE
25.09.23,AMC,2,F5,Sample,Mechanical,12,Damaged,Control,1000,TRUE
25.09.23,AMC,2,F6,Sample,Mechanical,12,Damaged,Penicillin,1000,TRUE
25.09.23,AMC,2,F7,Sample,Mechanical,12,Damaged,Nystatin,1000,TRUE
25.09.23,AMC,2,F8,Sample,Mechanical,12,Damaged,Penicillin + Nystatin,1000,TRUE
25.09.23,AMC,2,F9,Sample,Mechanical,12,Control,Control,1000,TRUE
25.09.23,AMC,2,F10,Sample,Mechanical,12,Control,Penicillin,1000,TRUE
25.09.23,AMC,2,F11,Sample,Mechanical,12,Control,Nystatin,1000,TRUE
25.09.23,AMC,2,F12,Sample,Mechanical,12,Control,Penicillin + Nystatin,1000,TRUE
25.09.23,AMC,2,G1,Blank,NA,NA,NA,NA,1000,FALSE
25.09.23,AMC,2,G2,Standard,NA,NA,NA,NA,0,FALSE
25.09.23,AMC,2,G3,Standard,Control,NA,NA,NA,0,TRUE
25.09.23,AMC,2,G4,Standard,NA,NA,NA,NA,0.1,FALSE
25.09.23,AMC,2,G5,Standard,Control,NA,NA,NA,0.1,TRUE
25.09.23,AMC,2,G6,Standard,NA,NA,NA,NA,0.2,FALSE
25.09.23,AMC,2,G7,Standard,Control,NA,NA,NA,0.2,TRUE
25.09.23,AMC,2,G8,Standard,NA,NA,NA,NA,0.5,FALSE
25.09.23,AMC,2,G9,Standard,Control,NA,NA,NA,0.5,TRUE
25.09.23,AMC,2,G10,Standard,NA,NA,NA,NA,1,FALSE
25.09.23,AMC,2,G11,Standard,Control,NA,NA,NA,1,TRUE
25.09.23,AMC,2,G12,Standard,NA,NA,NA,NA,2,FALSE
25.09.23,AMC,2,H1,Standard,Control,NA,NA,NA,2,TRUE
25.09.23,AMC,2,H2,Standard,NA,NA,NA,NA,5,FALSE
25.09.23,AMC,2,H3,Standard,Control,NA,NA,NA,5,TRUE
25.09.23,AMC,2,H4,Standard,NA,NA,NA,NA,10,FALSE
25.09.23,AMC,2,H5,Standard,Control,NA,NA,NA,10,TRUE
25.09.23,AMC,2,H6,Standard,NA,NA,NA,NA,20,FALSE
25.09.23,AMC,2,H7,Standard,Control,NA,NA,NA,20,TRUE
25.09.23,AMC,2,H8,Standard,NA,NA,NA,NA,50,FALSE
25.09.23,AMC,2,H9,Standard,Control,NA,NA,NA,50,TRUE
25.09.23,AMC,2,H10,Standard,NA,NA,NA,NA,100,FALSE
25.09.23,AMC,2,H11,Standard,Control,NA,NA,NA,100,TRUE
25.09.23,AMC,2,H12,Standard,Control,NA,NA,NA,150,TRUE
26.09.23,4-MU,1,A1,Sample,Faeces,NA,NA,Fresh,1,TRUE
26.09.23,4-MU,1,A2,Sample,Faeces,NA,NA,Fresh,10,TRUE
26.09.23,4-MU,1,A3,Sample,Faeces,NA,NA,Fresh,50,TRUE
26.09.23,4-MU,1,A4,Sample,Faeces,NA,NA,Fresh,100,TRUE
26.09.23,4-MU,1,A5,Sample,Faeces,NA,NA,Fresh,250,TRUE
26.09.23,4-MU,1,A6,Sample,Faeces,NA,NA,Fresh,500,TRUE
26.09.23,4-MU,1,A7,Sample,Faeces,NA,NA,Fresh,750,TRUE
26.09.23,4-MU,1,A8,Sample,Faeces,NA,NA,Fresh,1000,TRUE
26.09.23,4-MU,1,A9,Sample,Faeces,NA,NA,Fresh,1500,TRUE
26.09.23,4-MU,1,A10,Sample,Faeces,NA,NA,Fresh,2000,TRUE
26.09.23,4-MU,1,A11,Sample,Faeces,NA,NA,Fresh,2500,TRUE
26.09.23,4-MU,1,A12,Sample,Faeces,NA,NA,Fresh,5000,TRUE
26.09.23,4-MU,1,B1,Sample,Faeces,NA,NA,Control,1,TRUE
26.09.23,4-MU,1,B2,Sample,Faeces,NA,NA,Control,10,TRUE
26.09.23,4-MU,1,B3,Sample,Faeces,NA,NA,Control,50,TRUE
26.09.23,4-MU,1,B4,Sample,Faeces,NA,NA,Control,100,TRUE
26.09.23,4-MU,1,B5,Sample,Faeces,NA,NA,Control,250,TRUE
26.09.23,4-MU,1,B6,Sample,Faeces,NA,NA,Control,500,TRUE
26.09.23,4-MU,1,B7,Sample,Faeces,NA,NA,Control,750,TRUE
26.09.23,4-MU,1,B8,Sample,Faeces,NA,NA,Control,1000,TRUE
26.09.23,4-MU,1,B9,Sample,Faeces,NA,NA,Control,1500,TRUE
26.09.23,4-MU,1,B10,Sample,Faeces,NA,NA,Control,2000,TRUE
26.09.23,4-MU,1,B11,Sample,Faeces,NA,NA,Control,2500,TRUE
26.09.23,4-MU,1,B12,Sample,Faeces,NA,NA,Control,5000,TRUE
26.09.23,4-MU,1,C1,Sample,Faeces,NA,NA,Penicillin,1,TRUE
26.09.23,4-MU,1,C2,Sample,Faeces,NA,NA,Penicillin,10,TRUE
26.09.23,4-MU,1,C3,Sample,Faeces,NA,NA,Penicillin,50,TRUE
26.09.23,4-MU,1,C4,Sample,Faeces,NA,NA,Penicillin,100,TRUE
26.09.23,4-MU,1,C5,Sample,Faeces,NA,NA,Penicillin,250,TRUE
26.09.23,4-MU,1,C6,Sample,Faeces,NA,NA,Penicillin,500,TRUE
26.09.23,4-MU,1,C7,Sample,Faeces,NA,NA,Penicillin,750,TRUE
26.09.23,4-MU,1,C8,Sample,Faeces,NA,NA,Penicillin,1000,TRUE
26.09.23,4-MU,1,C9,Sample,Faeces,NA,NA,Penicillin,1500,TRUE
26.09.23,4-MU,1,C10,Sample,Faeces,NA,NA,Penicillin,2000,TRUE
26.09.23,4-MU,1,C11,Sample,Faeces,NA,NA,Penicillin,2500,TRUE
26.09.23,4-MU,1,C12,Sample,Faeces,NA,NA,Penicillin,5000,TRUE
26.09.23,4-MU,1,D1,Sample,Faeces,NA,NA,Nystatin,1,TRUE
26.09.23,4-MU,1,D2,Sample,Faeces,NA,NA,Nystatin,10,TRUE
26.09.23,4-MU,1,D3,Sample,Faeces,NA,NA,Nystatin,50,TRUE
26.09.23,4-MU,1,D4,Sample,Faeces,NA,NA,Nystatin,100,TRUE
26.09.23,4-MU,1,D5,Sample,Faeces,NA,NA,Nystatin,250,TRUE
26.09.23,4-MU,1,D6,Sample,Faeces,NA,NA,Nystatin,500,TRUE
26.09.23,4-MU,1,D7,Sample,Faeces,NA,NA,Nystatin,750,TRUE
26.09.23,4-MU,1,D8,Sample,Faeces,NA,NA,Nystatin,1000,TRUE
26.09.23,4-MU,1,D9,Sample,Faeces,NA,NA,Nystatin,1500,TRUE
26.09.23,4-MU,1,D10,Sample,Faeces,NA,NA,Nystatin,2000,TRUE
26.09.23,4-MU,1,D11,Sample,Faeces,NA,NA,Nystatin,2500,TRUE
26.09.23,4-MU,1,D12,Sample,Faeces,NA,NA,Nystatin,5000,TRUE
26.09.23,4-MU,1,E1,Sample,Faeces,NA,NA,Penicillin + Nystatin,1,TRUE
26.09.23,4-MU,1,E2,Sample,Faeces,NA,NA,Penicillin + Nystatin,10,TRUE
26.09.23,4-MU,1,E3,Sample,Faeces,NA,NA,Penicillin + Nystatin,50,TRUE
26.09.23,4-MU,1,E4,Sample,Faeces,NA,NA,Penicillin + Nystatin,100,TRUE
26.09.23,4-MU,1,E5,Sample,Faeces,NA,NA,Penicillin + Nystatin,250,TRUE
26.09.23,4-MU,1,E6,Sample,Faeces,NA,NA,Penicillin + Nystatin,500,TRUE
26.09.23,4-MU,1,E7,Sample,Faeces,NA,NA,Penicillin + Nystatin,750,TRUE
26.09.23,4-MU,1,E8,Sample,Faeces,NA,NA,Penicillin + Nystatin,1000,TRUE
26.09.23,4-MU,1,E9,Sample,Faeces,NA,NA,Penicillin + Nystatin,1500,TRUE
26.09.23,4-MU,1,E10,Sample,Faeces,NA,NA,Penicillin + Nystatin,2000,TRUE
26.09.23,4-MU,1,E11,Sample,Faeces,NA,NA,Penicillin + Nystatin,2500,TRUE
26.09.23,4-MU,1,E12,Sample,Faeces,NA,NA,Penicillin + Nystatin,5000,TRUE
26.09.23,4-MU,1,F1,Blank,NA,NA,NA,NA,1,FALSE
26.09.23,4-MU,1,F2,Blank,NA,NA,NA,NA,10,FALSE
26.09.23,4-MU,1,F3,Blank,NA,NA,NA,NA,50,FALSE
26.09.23,4-MU,1,F4,Blank,NA,NA,NA,NA,100,FALSE
26.09.23,4-MU,1,F5,Blank,NA,NA,NA,NA,250,FALSE
26.09.23,4-MU,1,F6,Blank,NA,NA,NA,NA,500,FALSE
26.09.23,4-MU,1,F7,Blank,NA,NA,NA,NA,750,FALSE
26.09.23,4-MU,1,F8,Blank,NA,NA,NA,NA,1000,FALSE
26.09.23,4-MU,1,F9,Blank,NA,NA,NA,NA,1500,FALSE
26.09.23,4-MU,1,F10,Blank,NA,NA,NA,NA,2000,FALSE
26.09.23,4-MU,1,F11,Blank,NA,NA,NA,NA,2500,FALSE
26.09.23,4-MU,1,F12,Blank,NA,NA,NA,NA,5000,FALSE
26.09.23,4-MU,1,G1,Standard,NA,NA,NA,NA,0,FALSE
26.09.23,4-MU,1,G2,Standard,Faeces,NA,NA,NA,0,TRUE
26.09.23,4-MU,1,G3,Standard,NA,NA,NA,NA,0.1,FALSE
26.09.23,4-MU,1,G4,Standard,Faeces,NA,NA,NA,0.1,TRUE
26.09.23,4-MU,1,G5,Standard,NA,NA,NA,NA,0.2,FALSE
26.09.23,4-MU,1,G6,Standard,Faeces,NA,NA,NA,0.2,TRUE
26.09.23,4-MU,1,G7,Standard,NA,NA,NA,NA,0.5,FALSE
26.09.23,4-MU,1,G8,Standard,Faeces,NA,NA,NA,0.5,TRUE
26.09.23,4-MU,1,G9,Standard,NA,NA,NA,NA,1,FALSE
26.09.23,4-MU,1,G10,Standard,Faeces,NA,NA,NA,1,TRUE
26.09.23,4-MU,1,G11,Standard,NA,NA,NA,NA,2,FALSE
26.09.23,4-MU,1,G12,Standard,Faeces,NA,NA,NA,2,TRUE
26.09.23,4-MU,1,H1,Standard,NA,NA,NA,NA,5,FALSE
26.09.23,4-MU,1,H2,Standard,Faeces,NA,NA,NA,5,TRUE
26.09.23,4-MU,1,H3,Standard,NA,NA,NA,NA,10,FALSE
26.09.23,4-MU,1,H4,Standard,Faeces,NA,NA,NA,10,TRUE
26.09.23,4-MU,1,H5,Standard,NA,NA,NA,NA,20,FALSE
26.09.23,4-MU,1,H6,Standard,Faeces,NA,NA,NA,20,TRUE
26.09.23,4-MU,1,H7,Standard,NA,NA,NA,NA,50,FALSE
26.09.23,4-MU,1,H8,Standard,Faeces,NA,NA,NA,50,TRUE
26.09.23,4-MU,1,H9,Standard,NA,NA,NA,NA,100,FALSE
26.09.23,4-MU,1,H10,Standard,Faeces,NA,NA,NA,100,TRUE
26.09.23,4-MU,1,H11,Standard,NA,NA,NA,NA,150,FALSE
26.09.23,4-MU,1,H12,Standard,Faeces,NA,NA,NA,150,TRUE
27.09.23,AMC,1,A1,Sample,Urchin,13,Grazed,Control,1000,TRUE
27.09.23,AMC,1,A2,Sample,Urchin,13,Grazed,Penicillin,1000,TRUE
27.09.23,AMC,1,A3,Sample,Urchin,13,Grazed,Nystatin,1000,TRUE
27.09.23,AMC,1,A4,Sample,Urchin,13,Grazed,Penicillin + Nystatin,1000,TRUE
27.09.23,AMC,1,A5,Sample,Urchin,13,Control,Control,1000,TRUE
27.09.23,AMC,1,A6,Sample,Urchin,13,Control,Penicillin,1000,TRUE
27.09.23,AMC,1,A7,Sample,Urchin,13,Control,Nystatin,1000,TRUE
27.09.23,AMC,1,A8,Sample,Urchin,13,Control,Penicillin + Nystatin,1000,TRUE
27.09.23,AMC,1,A9,Sample,Control,13,1,Control,1000,TRUE
27.09.23,AMC,1,A10,Sample,Control,13,1,Penicillin,1000,TRUE
27.09.23,AMC,1,A11,Sample,Control,13,1,Nystatin,1000,TRUE
27.09.23,AMC,1,A12,Sample,Control,13,1,Penicillin + Nystatin,1000,TRUE
27.09.23,AMC,1,B1,Sample,Control,13,2,Control,1000,TRUE
27.09.23,AMC,1,B2,Sample,Control,13,2,Penicillin,1000,TRUE
27.09.23,AMC,1,B3,Sample,Control,13,2,Nystatin,1000,TRUE
27.09.23,AMC,1,B4,Sample,Control,13,2,Penicillin + Nystatin,1000,TRUE
27.09.23,AMC,1,B5,Sample,Mechanical,13,Damaged,Control,1000,TRUE
27.09.23,AMC,1,B6,Sample,Mechanical,13,Damaged,Penicillin,1000,TRUE
27.09.23,AMC,1,B7,Sample,Mechanical,13,Damaged,Nystatin,1000,TRUE
27.09.23,AMC,1,B8,Sample,Mechanical,13,Damaged,Penicillin + Nystatin,1000,TRUE
27.09.23,AMC,1,B9,Sample,Mechanical,13,Control,Control,1000,TRUE
27.09.23,AMC,1,B10,Sample,Mechanical,13,Control,Penicillin,1000,TRUE
27.09.23,AMC,1,B11,Sample,Mechanical,13,Control,Nystatin,1000,TRUE
27.09.23,AMC,1,B12,Sample,Mechanical,13,Control,Penicillin + Nystatin,1000,TRUE
27.09.23,AMC,1,C1,Sample,Urchin,14,Grazed,Control,1000,TRUE
27.09.23,AMC,1,C2,Sample,Urchin,14,Grazed,Penicillin,1000,TRUE
27.09.23,AMC,1,C3,Sample,Urchin,14,Grazed,Nystatin,1000,TRUE
27.09.23,AMC,1,C4,Sample,Urchin,14,Grazed,Penicillin + Nystatin,1000,TRUE
27.09.23,AMC,1,C5,Sample,Urchin,14,Control,Control,1000,TRUE
27.09.23,AMC,1,C6,Sample,Urchin,14,Control,Penicillin,1000,TRUE
27.09.23,AMC,1,C7,Sample,Urchin,14,Control,Nystatin,1000,TRUE
27.09.23,AMC,1,C8,Sample,Urchin,14,Control,Penicillin + Nystatin,1000,TRUE
27.09.23,AMC,1,C9,Sample,Control,14,1,Control,1000,TRUE
27.09.23,AMC,1,C10,Sample,Control,14,1,Penicillin,1000,TRUE
27.09.23,AMC,1,C11,Sample,Control,14,1,Nystatin,1000,TRUE
27.09.23,AMC,1,C12,Sample,Control,14,1,Penicillin + Nystatin,1000,TRUE
27.09.23,AMC,1,D1,Sample,Control,14,2,Control,1000,TRUE
27.09.23,AMC,1,D2,Sample,Control,14,2,Penicillin,1000,TRUE
27.09.23,AMC,1,D3,Sample,Control,14,2,Nystatin,1000,TRUE
27.09.23,AMC,1,D4,Sample,Control,14,2,Penicillin + Nystatin,1000,TRUE
27.09.23,AMC,1,D5,Sample,Mechanical,14,Damaged,Control,1000,TRUE
27.09.23,AMC,1,D6,Sample,Mechanical,14,Damaged,Penicillin,1000,TRUE
27.09.23,AMC,1,D7,Sample,Mechanical,14,Damaged,Nystatin,1000,TRUE
27.09.23,AMC,1,D8,Sample,Mechanical,14,Damaged,Penicillin + Nystatin,1000,TRUE
27.09.23,AMC,1,D9,Sample,Mechanical,14,Control,Control,1000,TRUE
27.09.23,AMC,1,D10,Sample,Mechanical,14,Control,Penicillin,1000,TRUE
27.09.23,AMC,1,D11,Sample,Mechanical,14,Control,Nystatin,1000,TRUE
27.09.23,AMC,1,D12,Sample,Mechanical,14,Control,Penicillin + Nystatin,1000,TRUE
27.09.23,AMC,1,E1,Sample,Urchin,15,Grazed,Control,1000,TRUE
27.09.23,AMC,1,E2,Sample,Urchin,15,Grazed,Penicillin,1000,TRUE
27.09.23,AMC,1,E3,Sample,Urchin,15,Grazed,Nystatin,1000,TRUE
27.09.23,AMC,1,E4,Sample,Urchin,15,Grazed,Penicillin + Nystatin,1000,TRUE
27.09.23,AMC,1,E5,Sample,Urchin,15,Control,Control,1000,TRUE
27.09.23,AMC,1,E6,Sample,Urchin,15,Control,Penicillin,1000,TRUE
27.09.23,AMC,1,E7,Sample,Urchin,15,Control,Nystatin,1000,TRUE
27.09.23,AMC,1,E8,Sample,Urchin,15,Control,Penicillin + Nystatin,1000,TRUE
27.09.23,AMC,1,E9,Sample,Control,15,1,Control,1000,TRUE
27.09.23,AMC,1,E10,Sample,Control,15,1,Penicillin,1000,TRUE
27.09.23,AMC,1,E11,Sample,Control,15,1,Nystatin,1000,TRUE
27.09.23,AMC,1,E12,Sample,Control,15,1,Penicillin + Nystatin,1000,TRUE
27.09.23,AMC,1,F1,Sample,Control,15,2,Control,1000,TRUE
27.09.23,AMC,1,F2,Sample,Control,15,2,Penicillin,1000,TRUE
27.09.23,AMC,1,F3,Sample,Control,15,2,Nystatin,1000,TRUE
27.09.23,AMC,1,F4,Sample,Control,15,2,Penicillin + Nystatin,1000,TRUE
27.09.23,AMC,1,F5,Sample,Mechanical,15,Damaged,Control,1000,TRUE
27.09.23,AMC,1,F6,Sample,Mechanical,15,Damaged,Penicillin,1000,TRUE
27.09.23,AMC,1,F7,Sample,Mechanical,15,Damaged,Nystatin,1000,TRUE
27.09.23,AMC,1,F8,Sample,Mechanical,15,Damaged,Penicillin + Nystatin,1000,TRUE
27.09.23,AMC,1,F9,Sample,Mechanical,15,Control,Control,1000,TRUE
27.09.23,AMC,1,F10,Sample,Mechanical,15,Control,Penicillin,1000,TRUE
27.09.23,AMC,1,F11,Sample,Mechanical,15,Control,Nystatin,1000,TRUE
27.09.23,AMC,1,F12,Sample,Mechanical,15,Control,Penicillin + Nystatin,1000,TRUE
27.09.23,AMC,1,G1,Blank,NA,NA,NA,NA,1000,FALSE
27.09.23,AMC,1,G2,Standard,NA,NA,NA,NA,0,FALSE
27.09.23,AMC,1,G3,Standard,Control,NA,NA,NA,0,TRUE
27.09.23,AMC,1,G4,Standard,NA,NA,NA,NA,0.1,FALSE
27.09.23,AMC,1,G5,Standard,Control,NA,NA,NA,0.1,TRUE
27.09.23,AMC,1,G6,Standard,NA,NA,NA,NA,0.2,FALSE
27.09.23,AMC,1,G7,Standard,Control,NA,NA,NA,0.2,TRUE
27.09.23,AMC,1,G8,Standard,NA,NA,NA,NA,0.5,FALSE
27.09.23,AMC,1,G9,Standard,Control,NA,NA,NA,0.5,TRUE
27.09.23,AMC,1,G10,Standard,NA,NA,NA,NA,1,FALSE
27.09.23,AMC,1,G11,Standard,Control,NA,NA,NA,1,TRUE
27.09.23,AMC,1,G12,Standard,NA,NA,NA,NA,2,FALSE
27.09.23,AMC,1,H1,Standard,Control,NA,NA,NA,2,TRUE
27.09.23,AMC,1,H2,Standard,NA,NA,NA,NA,5,FALSE
27.09.23,AMC,1,H3,Standard,Control,NA,NA,NA,5,TRUE
27.09.23,AMC,1,H4,Standard,NA,NA,NA,NA,10,FALSE
27.09.23,AMC,1,H5,Standard,Control,NA,NA,NA,10,TRUE
27.09.23,AMC,1,H6,Standard,NA,NA,NA,NA,20,FALSE
27.09.23,AMC,1,H7,Standard,Control,NA,NA,NA,20,TRUE
27.09.23,AMC,1,H8,Standard,NA,NA,NA,NA,50,FALSE
27.09.23,AMC,1,H9,Standard,Control,NA,NA,NA,50,TRUE
27.09.23,AMC,1,H10,Standard,NA,NA,NA,NA,100,FALSE
27.09.23,AMC,1,H11,Standard,Control,NA,NA,NA,100,TRUE
27.09.23,AMC,1,H12,Standard,Control,NA,NA,NA,150,TRUE
27.09.23,4-MU,2,A1,Sample,Urchin,13,Grazed,Control,2000,TRUE
27.09.23,4-MU,2,A2,Sample,Urchin,13,Grazed,Penicillin,2000,TRUE
27.09.23,4-MU,2,A3,Sample,Urchin,13,Grazed,Nystatin,2000,TRUE
27.09.23,4-MU,2,A4,Sample,Urchin,13,Grazed,Penicillin + Nystatin,2000,TRUE
27.09.23,4-MU,2,A5,Sample,Urchin,13,Control,Control,2000,TRUE
27.09.23,4-MU,2,A6,Sample,Urchin,13,Control,Penicillin,2000,TRUE
27.09.23,4-MU,2,A7,Sample,Urchin,13,Control,Nystatin,2000,TRUE
27.09.23,4-MU,2,A8,Sample,Urchin,13,Control,Penicillin + Nystatin,2000,TRUE
27.09.23,4-MU,2,A9,Sample,Control,13,1,Control,2000,TRUE
27.09.23,4-MU,2,A10,Sample,Control,13,1,Penicillin,2000,TRUE
27.09.23,4-MU,2,A11,Sample,Control,13,1,Nystatin,2000,TRUE
27.09.23,4-MU,2,A12,Sample,Control,13,1,Penicillin + Nystatin,2000,TRUE
27.09.23,4-MU,2,B1,Sample,Control,13,2,Control,2000,TRUE
27.09.23,4-MU,2,B2,Sample,Control,13,2,Penicillin,2000,TRUE
27.09.23,4-MU,2,B3,Sample,Control,13,2,Nystatin,2000,TRUE
27.09.23,4-MU,2,B4,Sample,Control,13,2,Penicillin + Nystatin,2000,TRUE
27.09.23,4-MU,2,B5,Sample,Mechanical,13,Damaged,Control,2000,TRUE
27.09.23,4-MU,2,B6,Sample,Mechanical,13,Damaged,Penicillin,2000,TRUE
27.09.23,4-MU,2,B7,Sample,Mechanical,13,Damaged,Nystatin,2000,TRUE
27.09.23,4-MU,2,B8,Sample,Mechanical,13,Damaged,Penicillin + Nystatin,2000,TRUE
27.09.23,4-MU,2,B9,Sample,Mechanical,13,Control,Control,2000,TRUE
27.09.23,4-MU,2,B10,Sample,Mechanical,13,Control,Penicillin,2000,TRUE
27.09.23,4-MU,2,B11,Sample,Mechanical,13,Control,Nystatin,2000,TRUE
27.09.23,4-MU,2,B12,Sample,Mechanical,13,Control,Penicillin + Nystatin,2000,TRUE
27.09.23,4-MU,2,C1,Sample,Urchin,14,Grazed,Control,2000,TRUE
27.09.23,4-MU,2,C2,Sample,Urchin,14,Grazed,Penicillin,2000,TRUE
27.09.23,4-MU,2,C3,Sample,Urchin,14,Grazed,Nystatin,2000,TRUE
27.09.23,4-MU,2,C4,Sample,Urchin,14,Grazed,Penicillin + Nystatin,2000,TRUE
27.09.23,4-MU,2,C5,Sample,Urchin,14,Control,Control,2000,TRUE
27.09.23,4-MU,2,C6,Sample,Urchin,14,Control,Penicillin,2000,TRUE
27.09.23,4-MU,2,C7,Sample,Urchin,14,Control,Nystatin,2000,TRUE
27.09.23,4-MU,2,C8,Sample,Urchin,14,Control,Penicillin + Nystatin,2000,TRUE
27.09.23,4-MU,2,C9,Sample,Control,14,1,Control,2000,TRUE
27.09.23,4-MU,2,C10,Sample,Control,14,1,Penicillin,2000,TRUE
27.09.23,4-MU,2,C11,Sample,Control,14,1,Nystatin,2000,TRUE
27.09.23,4-MU,2,C12,Sample,Control,14,1,Penicillin + Nystatin,2000,TRUE
27.09.23,4-MU,2,D1,Sample,Control,14,2,Control,2000,TRUE
27.09.23,4-MU,2,D2,Sample,Control,14,2,Penicillin,2000,TRUE
27.09.23,4-MU,2,D3,Sample,Control,14,2,Nystatin,2000,TRUE
27.09.23,4-MU,2,D4,Sample,Control,14,2,Penicillin + Nystatin,2000,TRUE
27.09.23,4-MU,2,D5,Sample,Mechanical,14,Damaged,Control,2000,TRUE
27.09.23,4-MU,2,D6,Sample,Mechanical,14,Damaged,Penicillin,2000,TRUE
27.09.23,4-MU,2,D7,Sample,Mechanical,14,Damaged,Nystatin,2000,TRUE
27.09.23,4-MU,2,D8,Sample,Mechanical,14,Damaged,Penicillin + Nystatin,2000,TRUE
27.09.23,4-MU,2,D9,Sample,Mechanical,14,Control,Control,2000,TRUE
27.09.23,4-MU,2,D10,Sample,Mechanical,14,Control,Penicillin,2000,TRUE
27.09.23,4-MU,2,D11,Sample,Mechanical,14,Control,Nystatin,2000,TRUE
27.09.23,4-MU,2,D12,Sample,Mechanical,14,Control,Penicillin + Nystatin,2000,TRUE
27.09.23,4-MU,2,E1,Sample,Urchin,15,Grazed,Control,2000,TRUE
27.09.23,4-MU,2,E2,Sample,Urchin,15,Grazed,Penicillin,2000,TRUE
27.09.23,4-MU,2,E3,Sample,Urchin,15,Grazed,Nystatin,2000,TRUE
27.09.23,4-MU,2,E4,Sample,Urchin,15,Grazed,Penicillin + Nystatin,2000,TRUE
27.09.23,4-MU,2,E5,Sample,Urchin,15,Control,Control,2000,TRUE
27.09.23,4-MU,2,E6,Sample,Urchin,15,Control,Penicillin,2000,TRUE
27.09.23,4-MU,2,E7,Sample,Urchin,15,Control,Nystatin,2000,TRUE
27.09.23,4-MU,2,E8,Sample,Urchin,15,Control,Penicillin + Nystatin,2000,TRUE
27.09.23,4-MU,2,E9,Sample,Control,15,1,Control,2000,TRUE
27.09.23,4-MU,2,E10,Sample,Control,15,1,Penicillin,2000,TRUE
27.09.23,4-MU,2,E11,Sample,Control,15,1,Nystatin,2000,TRUE
27.09.23,4-MU,2,E12,Sample,Control,15,1,Penicillin + Nystatin,2000,TRUE
27.09.23,4-MU,2,F1,Sample,Control,15,2,Control,2000,TRUE
27.09.23,4-MU,2,F2,Sample,Control,15,2,Penicillin,2000,TRUE
27.09.23,4-MU,2,F3,Sample,Control,15,2,Nystatin,2000,TRUE
27.09.23,4-MU,2,F4,Sample,Control,15,2,Penicillin + Nystatin,2000,TRUE
27.09.23,4-MU,2,F5,Sample,Mechanical,15,Damaged,Control,2000,TRUE
27.09.23,4-MU,2,F6,Sample,Mechanical,15,Damaged,Penicillin,2000,TRUE
27.09.23,4-MU,2,F7,Sample,Mechanical,15,Damaged,Nystatin,2000,TRUE
27.09.23,4-MU,2,F8,Sample,Mechanical,15,Damaged,Penicillin + Nystatin,2000,TRUE
27.09.23,4-MU,2,F9,Sample,Mechanical,15,Control,Control,2000,TRUE
27.09.23,4-MU,2,F10,Sample,Mechanical,15,Control,Penicillin,2000,TRUE
27.09.23,4-MU,2,F11,Sample,Mechanical,15,Control,Nystatin,2000,TRUE
27.09.23,4-MU,2,F12,Sample,Mechanical,15,Control,Penicillin + Nystatin,2000,TRUE
27.09.23,4-MU,2,G1,Blank,NA,NA,NA,NA,2000,FALSE
27.09.23,4-MU,2,G2,Standard,NA,NA,NA,NA,0,FALSE
27.09.23,4-MU,2,G3,Standard,Control,NA,NA,NA,0,TRUE
27.09.23,4-MU,2,G4,Standard,NA,NA,NA,NA,0.1,FALSE
27.09.23,4-MU,2,G5,Standard,Control,NA,NA,NA,0.1,TRUE
27.09.23,4-MU,2,G6,Standard,NA,NA,NA,NA,0.2,FALSE
27.09.23,4-MU,2,G7,Standard,Control,NA,NA,NA,0.2,TRUE
27.09.23,4-MU,2,G8,Standard,NA,NA,NA,NA,0.5,FALSE
27.09.23,4-MU,2,G9,Standard,Control,NA,NA,NA,0.5,TRUE
27.09.23,4-MU,2,G10,Standard,NA,NA,NA,NA,1,FALSE
27.09.23,4-MU,2,G11,Standard,Control,NA,NA,NA,1,TRUE
27.09.23,4-MU,2,G12,Standard,NA,NA,NA,NA,2,FALSE
27.09.23,4-MU,2,H1,Standard,Control,NA,NA,NA,2,TRUE
27.09.23,4-MU,2,H2,Standard,NA,NA,NA,NA,5,FALSE
27.09.23,4-MU,2,H3,Standard,Control,NA,NA,NA,5,TRUE
27.09.23,4-MU,2,H4,Standard,NA,NA,NA,NA,10,FALSE
27.09.23,4-MU,2,H5,Standard,Control,NA,NA,NA,10,TRUE
27.09.23,4-MU,2,H6,Standard,NA,NA,NA,NA,20,FALSE
27.09.23,4-MU,2,H7,Standard,Control,NA,NA,NA,20,TRUE
27.09.23,4-MU,2,H8,Standard,NA,NA,NA,NA,50,FALSE
27.09.23,4-MU,2,H9,Standard,Control,NA,NA,NA,50,TRUE
27.09.23,4-MU,2,H10,Standard,NA,NA,NA,NA,100,FALSE
27.09.23,4-MU,2,H11,Standard,Control,NA,NA,NA,100,TRUE
27.09.23,4-MU,2,H12,Standard,Control,NA,NA,NA,150,TRUE
28.09.23,4-MU,1,A1,Sample,Alaria esculenta,1,NA,Fresh,1,TRUE
28.09.23,4-MU,1,A2,Sample,Alaria esculenta,1,NA,Fresh,10,TRUE
28.09.23,4-MU,1,A3,Sample,Alaria esculenta,1,NA,Fresh,50,TRUE
28.09.23,4-MU,1,A4,Sample,Alaria esculenta,1,NA,Fresh,100,TRUE
28.09.23,4-MU,1,A5,Sample,Alaria esculenta,1,NA,Fresh,250,TRUE
28.09.23,4-MU,1,A6,Sample,Alaria esculenta,1,NA,Fresh,500,TRUE
28.09.23,4-MU,1,A7,Sample,Alaria esculenta,1,NA,Fresh,750,TRUE
28.09.23,4-MU,1,A8,Sample,Alaria esculenta,1,NA,Fresh,1000,TRUE
28.09.23,4-MU,1,A9,Sample,Alaria esculenta,1,NA,Fresh,1500,TRUE
28.09.23,4-MU,1,A10,Sample,Alaria esculenta,1,NA,Fresh,2000,TRUE
28.09.23,4-MU,1,A11,Sample,Alaria esculenta,1,NA,Fresh,2500,TRUE
28.09.23,4-MU,1,A12,Sample,Alaria esculenta,1,NA,Fresh,5000,TRUE
28.09.23,4-MU,1,B1,Sample,Alaria esculenta,1,NA,Control,1,TRUE
28.09.23,4-MU,1,B2,Sample,Alaria esculenta,1,NA,Control,10,TRUE
28.09.23,4-MU,1,B3,Sample,Alaria esculenta,1,NA,Control,50,TRUE
28.09.23,4-MU,1,B4,Sample,Alaria esculenta,1,NA,Control,100,TRUE
28.09.23,4-MU,1,B5,Sample,Alaria esculenta,1,NA,Control,250,TRUE
28.09.23,4-MU,1,B6,Sample,Alaria esculenta,1,NA,Control,500,TRUE
28.09.23,4-MU,1,B7,Sample,Alaria esculenta,1,NA,Control,750,TRUE
28.09.23,4-MU,1,B8,Sample,Alaria esculenta,1,NA,Control,1000,TRUE
28.09.23,4-MU,1,B9,Sample,Alaria esculenta,1,NA,Control,1500,TRUE
28.09.23,4-MU,1,B10,Sample,Alaria esculenta,1,NA,Control,2000,TRUE
28.09.23,4-MU,1,B11,Sample,Alaria esculenta,1,NA,Control,2500,TRUE
28.09.23,4-MU,1,B12,Sample,Alaria esculenta,1,NA,Control,5000,TRUE
28.09.23,4-MU,1,C1,Sample,Alaria esculenta,1,NA,Penicillin,1,TRUE
28.09.23,4-MU,1,C2,Sample,Alaria esculenta,1,NA,Penicillin,10,TRUE
28.09.23,4-MU,1,C3,Sample,Alaria esculenta,1,NA,Penicillin,50,TRUE
28.09.23,4-MU,1,C4,Sample,Alaria esculenta,1,NA,Penicillin,100,TRUE
28.09.23,4-MU,1,C5,Sample,Alaria esculenta,1,NA,Penicillin,250,TRUE
28.09.23,4-MU,1,C6,Sample,Alaria esculenta,1,NA,Penicillin,500,TRUE
28.09.23,4-MU,1,C7,Sample,Alaria esculenta,1,NA,Penicillin,750,TRUE
28.09.23,4-MU,1,C8,Sample,Alaria esculenta,1,NA,Penicillin,1000,TRUE
28.09.23,4-MU,1,C9,Sample,Alaria esculenta,1,NA,Penicillin,1500,TRUE
28.09.23,4-MU,1,C10,Sample,Alaria esculenta,1,NA,Penicillin,2000,TRUE
28.09.23,4-MU,1,C11,Sample,Alaria esculenta,1,NA,Penicillin,2500,TRUE
28.09.23,4-MU,1,C12,Sample,Alaria esculenta,1,NA,Penicillin,5000,TRUE
28.09.23,4-MU,1,D1,Sample,Alaria esculenta,1,NA,Nystatin,1,TRUE
28.09.23,4-MU,1,D2,Sample,Alaria esculenta,1,NA,Nystatin,10,TRUE
28.09.23,4-MU,1,D3,Sample,Alaria esculenta,1,NA,Nystatin,50,TRUE
28.09.23,4-MU,1,D4,Sample,Alaria esculenta,1,NA,Nystatin,100,TRUE
28.09.23,4-MU,1,D5,Sample,Alaria esculenta,1,NA,Nystatin,250,TRUE
28.09.23,4-MU,1,D6,Sample,Alaria esculenta,1,NA,Nystatin,500,TRUE
28.09.23,4-MU,1,D7,Sample,Alaria esculenta,1,NA,Nystatin,750,TRUE
28.09.23,4-MU,1,D8,Sample,Alaria esculenta,1,NA,Nystatin,1000,TRUE
28.09.23,4-MU,1,D9,Sample,Alaria esculenta,1,NA,Nystatin,1500,TRUE
28.09.23,4-MU,1,D10,Sample,Alaria esculenta,1,NA,Nystatin,2000,TRUE
28.09.23,4-MU,1,D11,Sample,Alaria esculenta,1,NA,Nystatin,2500,TRUE
28.09.23,4-MU,1,D12,Sample,Alaria esculenta,1,NA,Nystatin,5000,TRUE
28.09.23,4-MU,1,E1,Sample,Alaria esculenta,1,NA,Penicillin + Nystatin,1,TRUE
28.09.23,4-MU,1,E2,Sample,Alaria esculenta,1,NA,Penicillin + Nystatin,10,TRUE
28.09.23,4-MU,1,E3,Sample,Alaria esculenta,1,NA,Penicillin + Nystatin,50,TRUE
28.09.23,4-MU,1,E4,Sample,Alaria esculenta,1,NA,Penicillin + Nystatin,100,TRUE
28.09.23,4-MU,1,E5,Sample,Alaria esculenta,1,NA,Penicillin + Nystatin,250,TRUE
28.09.23,4-MU,1,E6,Sample,Alaria esculenta,1,NA,Penicillin + Nystatin,500,TRUE
28.09.23,4-MU,1,E7,Sample,Alaria esculenta,1,NA,Penicillin + Nystatin,750,TRUE
28.09.23,4-MU,1,E8,Sample,Alaria esculenta,1,NA,Penicillin + Nystatin,1000,TRUE
28.09.23,4-MU,1,E9,Sample,Alaria esculenta,1,NA,Penicillin + Nystatin,1500,TRUE
28.09.23,4-MU,1,E10,Sample,Alaria esculenta,1,NA,Penicillin + Nystatin,2000,TRUE
28.09.23,4-MU,1,E11,Sample,Alaria esculenta,1,NA,Penicillin + Nystatin,2500,TRUE
28.09.23,4-MU,1,E12,Sample,Alaria esculenta,1,NA,Penicillin + Nystatin,5000,TRUE
28.09.23,4-MU,1,F1,Blank,NA,NA,NA,NA,1,FALSE
28.09.23,4-MU,1,F2,Blank,NA,NA,NA,NA,10,FALSE
28.09.23,4-MU,1,F3,Blank,NA,NA,NA,NA,50,FALSE
28.09.23,4-MU,1,F4,Blank,NA,NA,NA,NA,100,FALSE
28.09.23,4-MU,1,F5,Blank,NA,NA,NA,NA,250,FALSE
28.09.23,4-MU,1,F6,Blank,NA,NA,NA,NA,500,FALSE
28.09.23,4-MU,1,F7,Blank,NA,NA,NA,NA,750,FALSE
28.09.23,4-MU,1,F8,Blank,NA,NA,NA,NA,1000,FALSE
28.09.23,4-MU,1,F9,Blank,NA,NA,NA,NA,1500,FALSE
28.09.23,4-MU,1,F10,Blank,NA,NA,NA,NA,2000,FALSE
28.09.23,4-MU,1,F11,Blank,NA,NA,NA,NA,2500,FALSE
28.09.23,4-MU,1,F12,Blank,NA,NA,NA,NA,5000,FALSE
28.09.23,4-MU,1,G1,Standard,NA,NA,NA,NA,0,FALSE
28.09.23,4-MU,1,G2,Standard,NA,NA,NA,NA,0.1,FALSE
28.09.23,4-MU,1,G3,Standard,NA,NA,NA,NA,0.2,FALSE
28.09.23,4-MU,1,G4,Standard,NA,NA,NA,NA,0.5,FALSE
28.09.23,4-MU,1,G5,Standard,NA,NA,NA,NA,1,FALSE
28.09.23,4-MU,1,G6,Standard,NA,NA,NA,NA,2,FALSE
28.09.23,4-MU,1,G7,Standard,NA,NA,NA,NA,5,FALSE
28.09.23,4-MU,1,G8,Standard,NA,NA,NA,NA,10,FALSE
28.09.23,4-MU,1,G9,Standard,NA,NA,NA,NA,20,FALSE
28.09.23,4-MU,1,G10,Standard,NA,NA,NA,NA,50,FALSE
28.09.23,4-MU,1,G11,Standard,NA,NA,NA,NA,100,FALSE
28.09.23,4-MU,1,G12,Standard,NA,NA,NA,NA,150,FALSE
28.09.23,4-MU,1,H1,Standard,Alaria esculenta,1,NA,NA,0,TRUE
28.09.23,4-MU,1,H2,Standard,Alaria esculenta,1,NA,NA,0.1,TRUE
28.09.23,4-MU,1,H3,Standard,Alaria esculenta,1,NA,NA,0.2,TRUE
28.09.23,4-MU,1,H4,Standard,Alaria esculenta,1,NA,NA,0.5,TRUE
28.09.23,4-MU,1,H5,Standard,Alaria esculenta,1,NA,NA,1,TRUE
28.09.23,4-MU,1,H6,Standard,Alaria esculenta,1,NA,NA,2,TRUE
28.09.23,4-MU,1,H7,Standard,Alaria esculenta,1,NA,NA,5,TRUE
28.09.23,4-MU,1,H8,Standard,Alaria esculenta,1,NA,NA,10,TRUE
28.09.23,4-MU,1,H9,Standard,Alaria esculenta,1,NA,NA,20,TRUE
28.09.23,4-MU,1,H10,Standard,Alaria esculenta,1,NA,NA,50,TRUE
28.09.23,4-MU,1,H11,Standard,Alaria esculenta,1,NA,NA,100,TRUE
28.09.23,4-MU,1,H12,Standard,Alaria esculenta,1,NA,NA,150,TRUE
29.09.23,4-MU,1,A1,Sample,Alaria esculenta,1,NA,Control,2000,TRUE
29.09.23,4-MU,1,A2,Sample,Alaria esculenta,1,NA,Penicillin,2000,TRUE
29.09.23,4-MU,1,A3,Sample,Alaria esculenta,1,NA,Nystatin,2000,TRUE
29.09.23,4-MU,1,A4,Sample,Alaria esculenta,1,NA,Penicillin + Nystatin,2000,TRUE
29.09.23,4-MU,1,A5,Sample,Alaria esculenta,2,NA,Control,2000,TRUE
29.09.23,4-MU,1,A6,Sample,Alaria esculenta,2,NA,Penicillin,2000,TRUE
29.09.23,4-MU,1,A7,Sample,Alaria esculenta,2,NA,Nystatin,2000,TRUE
29.09.23,4-MU,1,A8,Sample,Alaria esculenta,2,NA,Penicillin + Nystatin,2000,TRUE
29.09.23,4-MU,1,A9,Sample,Alaria esculenta,3,NA,Control,2000,TRUE
29.09.23,4-MU,1,A10,Sample,Alaria esculenta,3,NA,Penicillin,2000,TRUE
29.09.23,4-MU,1,A11,Sample,Alaria esculenta,3,NA,Nystatin,2000,TRUE
29.09.23,4-MU,1,A12,Sample,Alaria esculenta,3,NA,Penicillin + Nystatin,2000,TRUE
29.09.23,4-MU,1,B1,Sample,Alaria esculenta,4,NA,Control,2000,TRUE
29.09.23,4-MU,1,B2,Sample,Alaria esculenta,4,NA,Penicillin,2000,TRUE
29.09.23,4-MU,1,B3,Sample,Alaria esculenta,4,NA,Nystatin,2000,TRUE
29.09.23,4-MU,1,B4,Sample,Alaria esculenta,4,NA,Penicillin + Nystatin,2000,TRUE
29.09.23,4-MU,1,B5,Sample,Alaria esculenta,5,NA,Control,2000,TRUE
29.09.23,4-MU,1,B6,Sample,Alaria esculenta,5,NA,Penicillin,2000,TRUE
29.09.23,4-MU,1,B7,Sample,Alaria esculenta,5,NA,Nystatin,2000,TRUE
29.09.23,4-MU,1,B8,Sample,Alaria esculenta,5,NA,Penicillin + Nystatin,2000,TRUE
29.09.23,4-MU,1,B9,Sample,Alaria esculenta,6,NA,Control,2000,TRUE
29.09.23,4-MU,1,B10,Sample,Alaria esculenta,6,NA,Penicillin,2000,TRUE
29.09.23,4-MU,1,B11,Sample,Alaria esculenta,6,NA,Nystatin,2000,TRUE
29.09.23,4-MU,1,B12,Sample,Alaria esculenta,6,NA,Penicillin + Nystatin,2000,TRUE
29.09.23,4-MU,1,C1,Sample,Alaria esculenta,7,NA,Control,2000,TRUE
29.09.23,4-MU,1,C2,Sample,Alaria esculenta,7,NA,Penicillin,2000,TRUE
29.09.23,4-MU,1,C3,Sample,Alaria esculenta,7,NA,Nystatin,2000,TRUE
29.09.23,4-MU,1,C4,Sample,Alaria esculenta,7,NA,Penicillin + Nystatin,2000,TRUE
29.09.23,4-MU,1,C5,Sample,Alaria esculenta,8,NA,Control,2000,TRUE
29.09.23,4-MU,1,C6,Sample,Alaria esculenta,8,NA,Penicillin,2000,TRUE
29.09.23,4-MU,1,C7,Sample,Alaria esculenta,8,NA,Nystatin,2000,TRUE
29.09.23,4-MU,1,C8,Sample,Alaria esculenta,8,NA,Penicillin + Nystatin,2000,TRUE
29.09.23,4-MU,1,C9,Sample,Alaria esculenta,9,NA,Control,2000,TRUE
29.09.23,4-MU,1,C10,Sample,Alaria esculenta,9,NA,Penicillin,2000,TRUE
29.09.23,4-MU,1,C11,Sample,Alaria esculenta,9,NA,Nystatin,2000,TRUE
29.09.23,4-MU,1,C12,Sample,Alaria esculenta,9,NA,Penicillin + Nystatin,2000,TRUE
29.09.23,4-MU,1,D1,Sample,Alaria esculenta,10,NA,Control,2000,TRUE
29.09.23,4-MU,1,D2,Sample,Alaria esculenta,10,NA,Penicillin,2000,TRUE
29.09.23,4-MU,1,D3,Sample,Alaria esculenta,10,NA,Nystatin,2000,TRUE
29.09.23,4-MU,1,D4,Sample,Alaria esculenta,10,NA,Penicillin + Nystatin,2000,TRUE
29.09.23,4-MU,1,D5,Sample,Alaria esculenta,11,NA,Control,2000,TRUE
29.09.23,4-MU,1,D6,Sample,Alaria esculenta,11,NA,Penicillin,2000,TRUE
29.09.23,4-MU,1,D7,Sample,Alaria esculenta,11,NA,Nystatin,2000,TRUE
29.09.23,4-MU,1,D8,Sample,Alaria esculenta,11,NA,Penicillin + Nystatin,2000,TRUE
29.09.23,4-MU,1,D9,Sample,Alaria esculenta,12,NA,Control,2000,TRUE
29.09.23,4-MU,1,D10,Sample,Alaria esculenta,12,NA,Penicillin,2000,TRUE
29.09.23,4-MU,1,D11,Sample,Alaria esculenta,12,NA,Nystatin,2000,TRUE
29.09.23,4-MU,1,D12,Sample,Alaria esculenta,12,NA,Penicillin + Nystatin,2000,TRUE
29.09.23,4-MU,1,E1,Sample,Alaria esculenta,13,NA,Control,2000,TRUE
29.09.23,4-MU,1,E2,Sample,Alaria esculenta,13,NA,Penicillin,2000,TRUE
29.09.23,4-MU,1,E3,Sample,Alaria esculenta,13,NA,Nystatin,2000,TRUE
29.09.23,4-MU,1,E4,Sample,Alaria esculenta,13,NA,Penicillin + Nystatin,2000,TRUE
29.09.23,4-MU,1,E5,Sample,Alaria esculenta,14,NA,Control,2000,TRUE
29.09.23,4-MU,1,E6,Sample,Alaria esculenta,14,NA,Penicillin,2000,TRUE
29.09.23,4-MU,1,E7,Sample,Alaria esculenta,14,NA,Nystatin,2000,TRUE
29.09.23,4-MU,1,E8,Sample,Alaria esculenta,14,NA,Penicillin + Nystatin,2000,TRUE
29.09.23,4-MU,1,E9,Sample,Laminaria digitata,1,NA,Control,2000,TRUE
29.09.23,4-MU,1,E10,Sample,Laminaria digitata,1,NA,Penicillin,2000,TRUE
29.09.23,4-MU,1,E11,Sample,Laminaria digitata,1,NA,Nystatin,2000,TRUE
29.09.23,4-MU,1,E12,Sample,Laminaria digitata,1,NA,Penicillin + Nystatin,2000,TRUE
29.09.23,4-MU,1,F1,Sample,Laminaria digitata,2,NA,Control,2000,TRUE
29.09.23,4-MU,1,F2,Sample,Laminaria digitata,2,NA,Penicillin,2000,TRUE
29.09.23,4-MU,1,F3,Sample,Laminaria digitata,2,NA,Nystatin,2000,TRUE
29.09.23,4-MU,1,F4,Sample,Laminaria digitata,2,NA,Penicillin + Nystatin,2000,TRUE
29.09.23,4-MU,1,F5,Sample,Laminaria digitata,3,NA,Control,2000,TRUE
29.09.23,4-MU,1,F6,Sample,Laminaria digitata,3,NA,Penicillin,2000,TRUE
29.09.23,4-MU,1,F7,Sample,Laminaria digitata,3,NA,Nystatin,2000,TRUE
29.09.23,4-MU,1,F8,Sample,Laminaria digitata,3,NA,Penicillin + Nystatin,2000,TRUE
29.09.23,4-MU,1,F9,Sample,Laminaria digitata,4,NA,Control,2000,TRUE
29.09.23,4-MU,1,F10,Sample,Laminaria digitata,4,NA,Penicillin,2000,TRUE
29.09.23,4-MU,1,F11,Sample,Laminaria digitata,4,NA,Nystatin,2000,TRUE
29.09.23,4-MU,1,F12,Sample,Laminaria digitata,4,NA,Penicillin + Nystatin,2000,TRUE
29.09.23,4-MU,1,G1,Blank,NA,NA,NA,NA,2000,FALSE
29.09.23,4-MU,1,G2,Standard,Alaria esculenta,NA,NA,NA,0,TRUE
29.09.23,4-MU,1,G3,Standard,Laminaria digitata,NA,NA,NA,0,TRUE
29.09.23,4-MU,1,G4,Standard,Alaria esculenta,NA,NA,NA,0.1,TRUE
29.09.23,4-MU,1,G5,Standard,Laminaria digitata,NA,NA,NA,0.1,TRUE
29.09.23,4-MU,1,G6,Standard,Alaria esculenta,NA,NA,NA,0.2,TRUE
29.09.23,4-MU,1,G7,Standard,Laminaria digitata,NA,NA,NA,0.2,TRUE
29.09.23,4-MU,1,G8,Standard,Alaria esculenta,NA,NA,NA,0.5,TRUE
29.09.23,4-MU,1,G9,Standard,Laminaria digitata,NA,NA,NA,0.5,TRUE
29.09.23,4-MU,1,G10,Standard,Alaria esculenta,NA,NA,NA,1,TRUE
29.09.23,4-MU,1,G11,Standard,Laminaria digitata,NA,NA,NA,1,TRUE
29.09.23,4-MU,1,G12,Standard,Alaria esculenta,NA,NA,NA,2,TRUE
29.09.23,4-MU,1,H1,Standard,Laminaria digitata,NA,NA,NA,2,TRUE
29.09.23,4-MU,1,H2,Standard,Alaria esculenta,NA,NA,NA,5,TRUE
29.09.23,4-MU,1,H3,Standard,Laminaria digitata,NA,NA,NA,5,TRUE
29.09.23,4-MU,1,H4,Standard,Alaria esculenta,NA,NA,NA,10,TRUE
29.09.23,4-MU,1,H5,Standard,Laminaria digitata,NA,NA,NA,10,TRUE
29.09.23,4-MU,1,H6,Standard,Alaria esculenta,NA,NA,NA,20,TRUE
29.09.23,4-MU,1,H7,Standard,Laminaria digitata,NA,NA,NA,20,TRUE
29.09.23,4-MU,1,H8,Standard,Alaria esculenta,NA,NA,NA,50,TRUE
29.09.23,4-MU,1,H9,Standard,Laminaria digitata,NA,NA,NA,50,TRUE
29.09.23,4-MU,1,H10,Standard,Alaria esculenta,NA,NA,NA,100,TRUE
29.09.23,4-MU,1,H11,Standard,Laminaria digitata,NA,NA,NA,100,TRUE
29.09.23,4-MU,1,H12,Standard,Alaria esculenta,NA,NA,NA,150,TRUE
29.09.23,4-MU,2,A1,Sample,Faeces,NA,NA,Control,2000,TRUE
29.09.23,4-MU,2,A2,Sample,Faeces,NA,NA,Control,2000,TRUE
29.09.23,4-MU,2,A3,Sample,Faeces,NA,NA,Control,2000,TRUE
29.09.23,4-MU,2,A4,Sample,Faeces,NA,NA,Penicillin,2000,TRUE
29.09.23,4-MU,2,A5,Sample,Faeces,NA,NA,Penicillin,2000,TRUE
29.09.23,4-MU,2,A6,Sample,Faeces,NA,NA,Penicillin,2000,TRUE
29.09.23,4-MU,2,A7,Sample,Faeces,NA,NA,Nystatin,2000,TRUE
29.09.23,4-MU,2,A8,Sample,Faeces,NA,NA,Nystatin,2000,TRUE
29.09.23,4-MU,2,A9,Sample,Faeces,NA,NA,Nystatin,2000,TRUE
29.09.23,4-MU,2,A10,Sample,Faeces,NA,NA,Penicillin + Nystatin,2000,TRUE
29.09.23,4-MU,2,A11,Sample,Faeces,NA,NA,Penicillin + Nystatin,2000,TRUE
29.09.23,4-MU,2,A12,Sample,Faeces,NA,NA,Penicillin + Nystatin,2000,TRUE
29.09.23,4-MU,2,B1,Sample,Faeces,NA,NA,Control,2000,TRUE
29.09.23,4-MU,2,B2,Sample,Faeces,NA,NA,Control,2000,TRUE
29.09.23,4-MU,2,B3,Sample,Faeces,NA,NA,Control,2000,TRUE
29.09.23,4-MU,2,B4,Sample,Faeces,NA,NA,Penicillin,2000,TRUE
29.09.23,4-MU,2,B5,Sample,Faeces,NA,NA,Penicillin,2000,TRUE
29.09.23,4-MU,2,B6,Sample,Faeces,NA,NA,Penicillin,2000,TRUE
29.09.23,4-MU,2,B7,Sample,Faeces,NA,NA,Nystatin,2000,TRUE
29.09.23,4-MU,2,B8,Sample,Faeces,NA,NA,Nystatin,2000,TRUE
29.09.23,4-MU,2,B9,Sample,Faeces,NA,NA,Nystatin,2000,TRUE
29.09.23,4-MU,2,B10,Sample,Faeces,NA,NA,Penicillin + Nystatin,2000,TRUE
29.09.23,4-MU,2,B11,Sample,Faeces,NA,NA,Penicillin + Nystatin,2000,TRUE
29.09.23,4-MU,2,B12,Sample,Faeces,NA,NA,Penicillin + Nystatin,2000,TRUE
29.09.23,4-MU,2,C1,Sample,Faeces,NA,NA,Control,2000,TRUE
29.09.23,4-MU,2,C2,Sample,Faeces,NA,NA,Control,2000,TRUE
29.09.23,4-MU,2,C3,Sample,Faeces,NA,NA,Control,2000,TRUE
29.09.23,4-MU,2,C4,Sample,Faeces,NA,NA,Penicillin,2000,TRUE
29.09.23,4-MU,2,C5,Sample,Faeces,NA,NA,Penicillin,2000,TRUE
29.09.23,4-MU,2,C6,Sample,Faeces,NA,NA,Penicillin,2000,TRUE
29.09.23,4-MU,2,C7,Sample,Faeces,NA,NA,Nystatin,2000,TRUE
29.09.23,4-MU,2,C8,Sample,Faeces,NA,NA,Nystatin,2000,TRUE
29.09.23,4-MU,2,C9,Sample,Faeces,NA,NA,Nystatin,2000,TRUE
29.09.23,4-MU,2,C10,Sample,Faeces,NA,NA,Penicillin + Nystatin,2000,TRUE
29.09.23,4-MU,2,C11,Sample,Faeces,NA,NA,Penicillin + Nystatin,2000,TRUE
29.09.23,4-MU,2,C12,Sample,Faeces,NA,NA,Penicillin + Nystatin,2000,TRUE
29.09.23,4-MU,2,D1,Sample,Faeces,NA,NA,Control,2000,TRUE
29.09.23,4-MU,2,D2,Sample,Faeces,NA,NA,Control,2000,TRUE
29.09.23,4-MU,2,D3,Sample,Faeces,NA,NA,Control,2000,TRUE
29.09.23,4-MU,2,D4,Sample,Faeces,NA,NA,Penicillin,2000,TRUE
29.09.23,4-MU,2,D5,Sample,Faeces,NA,NA,Penicillin,2000,TRUE
29.09.23,4-MU,2,D6,Sample,Faeces,NA,NA,Penicillin,2000,TRUE
29.09.23,4-MU,2,D7,Sample,Faeces,NA,NA,Nystatin,2000,TRUE
29.09.23,4-MU,2,D8,Sample,Faeces,NA,NA,Nystatin,2000,TRUE
29.09.23,4-MU,2,D9,Sample,Faeces,NA,NA,Nystatin,2000,TRUE
29.09.23,4-MU,2,D10,Sample,Faeces,NA,NA,Penicillin + Nystatin,2000,TRUE
29.09.23,4-MU,2,D11,Sample,Faeces,NA,NA,Penicillin + Nystatin,2000,TRUE
29.09.23,4-MU,2,D12,Sample,Faeces,NA,NA,Penicillin + Nystatin,2000,TRUE
29.09.23,4-MU,2,E1,Sample,Faeces,NA,NA,Control,2000,TRUE
29.09.23,4-MU,2,E2,Sample,Faeces,NA,NA,Control,2000,TRUE
29.09.23,4-MU,2,E3,Sample,Faeces,NA,NA,Control,2000,TRUE
29.09.23,4-MU,2,E4,Sample,Faeces,NA,NA,Penicillin,2000,TRUE
29.09.23,4-MU,2,E5,Sample,Faeces,NA,NA,Penicillin,2000,TRUE
29.09.23,4-MU,2,E6,Sample,Faeces,NA,NA,Penicillin,2000,TRUE
29.09.23,4-MU,2,E7,Sample,Faeces,NA,NA,Nystatin,2000,TRUE
29.09.23,4-MU,2,E8,Sample,Faeces,NA,NA,Nystatin,2000,TRUE
29.09.23,4-MU,2,E9,Sample,Faeces,NA,NA,Nystatin,2000,TRUE
29.09.23,4-MU,2,E10,Sample,Faeces,NA,NA,Penicillin + Nystatin,2000,TRUE
29.09.23,4-MU,2,E11,Sample,Faeces,NA,NA,Penicillin + Nystatin,2000,TRUE
29.09.23,4-MU,2,E12,Sample,Faeces,NA,NA,Penicillin + Nystatin,2000,TRUE
29.09.23,4-MU,2,F1,Sample,Faeces,NA,NA,Control,2000,TRUE
29.09.23,4-MU,2,F2,Sample,Faeces,NA,NA,Control,2000,TRUE
29.09.23,4-MU,2,F3,Sample,Faeces,NA,NA,Control,2000,TRUE
29.09.23,4-MU,2,F4,Sample,Faeces,NA,NA,Penicillin,2000,TRUE
29.09.23,4-MU,2,F5,Sample,Faeces,NA,NA,Penicillin,2000,TRUE
29.09.23,4-MU,2,F6,Sample,Faeces,NA,NA,Penicillin,2000,TRUE
29.09.23,4-MU,2,F7,Sample,Faeces,NA,NA,Nystatin,2000,TRUE
29.09.23,4-MU,2,F8,Sample,Faeces,NA,NA,Nystatin,2000,TRUE
29.09.23,4-MU,2,F9,Sample,Faeces,NA,NA,Nystatin,2000,TRUE
29.09.23,4-MU,2,F10,Sample,Faeces,NA,NA,Penicillin + Nystatin,2000,TRUE
29.09.23,4-MU,2,F11,Sample,Faeces,NA,NA,Penicillin + Nystatin,2000,TRUE
29.09.23,4-MU,2,F12,Sample,Faeces,NA,NA,Penicillin + Nystatin,2000,TRUE
29.09.23,4-MU,2,G1,Blank,NA,NA,NA,NA,2000,FALSE
29.09.23,4-MU,2,G2,Standard,NA,NA,NA,NA,0,FALSE
29.09.23,4-MU,2,G3,Standard,Faeces,NA,NA,NA,0,TRUE
29.09.23,4-MU,2,G4,Standard,NA,NA,NA,NA,0.1,FALSE
29.09.23,4-MU,2,G5,Standard,Faeces,NA,NA,NA,0.1,TRUE
29.09.23,4-MU,2,G6,Standard,NA,NA,NA,NA,0.2,FALSE
29.09.23,4-MU,2,G7,Standard,Faeces,NA,NA,NA,0.2,TRUE
29.09.23,4-MU,2,G8,Standard,NA,NA,NA,NA,0.5,FALSE
29.09.23,4-MU,2,G9,Standard,Faeces,NA,NA,NA,0.5,TRUE
29.09.23,4-MU,2,G10,Standard,NA,NA,NA,NA,1,FALSE
29.09.23,4-MU,2,G11,Standard,Faeces,NA,NA,NA,1,TRUE
29.09.23,4-MU,2,G12,Standard,NA,NA,NA,NA,2,FALSE
29.09.23,4-MU,2,H1,Standard,Faeces,NA,NA,NA,2,TRUE
29.09.23,4-MU,2,H2,Standard,NA,NA,NA,NA,5,FALSE
29.09.23,4-MU,2,H3,Standard,Faeces,NA,NA,NA,5,TRUE
29.09.23,4-MU,2,H4,Standard,NA,NA,NA,NA,10,FALSE
29.09.23,4-MU,2,H5,Standard,Faeces,NA,NA,NA,10,TRUE
29.09.23,4-MU,2,H6,Standard,NA,NA,NA,NA,20,FALSE
29.09.23,4-MU,2,H7,Standard,Faeces,NA,NA,NA,20,TRUE
29.09.23,4-MU,2,H8,Standard,NA,NA,NA,NA,50,FALSE
29.09.23,4-MU,2,H9,Standard,Faeces,NA,NA,NA,50,TRUE
29.09.23,4-MU,2,H10,Standard,NA,NA,NA,NA,100,FALSE
29.09.23,4-MU,2,H11,Standard,Faeces,NA,NA,NA,100,TRUE
29.09.23,4-MU,2,H12,Standard,Faeces,NA,NA,NA,150,TRUE
30.09.23,4-MU,1,A1,Sample,Faeces,NA,NA,Fresh,2000,TRUE
30.09.23,4-MU,1,A2,Sample,Faeces,NA,NA,Fresh,2000,TRUE
30.09.23,4-MU,1,A3,Sample,Faeces,NA,NA,Fresh,2000,TRUE
30.09.23,4-MU,1,A4,Sample,Faeces,NA,NA,Fresh,2000,TRUE
30.09.23,4-MU,1,A5,Sample,Faeces,NA,NA,Fresh,2000,TRUE
30.09.23,4-MU,1,A6,Sample,Faeces,NA,NA,Fresh,2000,TRUE
30.09.23,4-MU,1,A7,Sample,Faeces,NA,NA,Fresh,2000,TRUE
30.09.23,4-MU,1,A8,Sample,Faeces,NA,NA,Fresh,2000,TRUE
30.09.23,4-MU,1,A9,Sample,Faeces,NA,NA,Fresh,2000,TRUE
30.09.23,4-MU,1,A10,Sample,Faeces,NA,NA,Fresh,2000,TRUE
30.09.23,4-MU,1,A11,Sample,Faeces,NA,NA,Fresh,2000,TRUE
30.09.23,4-MU,1,A12,Sample,Faeces,NA,NA,Fresh,2000,TRUE
30.09.23,4-MU,1,B1,Sample,Faeces,NA,NA,Fresh,2000,TRUE
30.09.23,4-MU,1,B2,Sample,Faeces,NA,NA,Fresh,2000,TRUE
30.09.23,4-MU,1,B3,Sample,Faeces,NA,NA,Fresh,2000,TRUE
30.09.23,4-MU,1,B4,Sample,Faeces,NA,NA,Fresh,2000,TRUE
30.09.23,4-MU,1,B5,Sample,Faeces,NA,NA,Fresh,2000,TRUE
30.09.23,4-MU,1,B6,Sample,Faeces,NA,NA,Fresh,2000,TRUE
30.09.23,4-MU,1,B7,Sample,Faeces,NA,NA,Fresh,2000,TRUE
30.09.23,4-MU,1,B8,Sample,Faeces,NA,NA,Fresh,2000,TRUE
30.09.23,4-MU,1,B9,Sample,Faeces,NA,NA,Fresh,2000,TRUE
30.09.23,4-MU,1,B10,Sample,Faeces,NA,NA,Fresh,2000,TRUE
30.09.23,4-MU,1,B11,Sample,Faeces,NA,NA,Fresh,2000,TRUE
30.09.23,4-MU,1,B12,Sample,Faeces,NA,NA,Fresh,2000,TRUE
30.09.23,4-MU,1,C1,Sample,Faeces,NA,NA,Fresh,2000,TRUE
30.09.23,4-MU,1,C2,Sample,Faeces,NA,NA,Fresh,2000,TRUE
30.09.23,4-MU,1,C3,Sample,Faeces,NA,NA,Fresh,2000,TRUE
30.09.23,4-MU,1,C4,Sample,Faeces,NA,NA,Fresh,2000,TRUE
30.09.23,4-MU,1,C5,Sample,Faeces,NA,NA,Fresh,2000,TRUE
30.09.23,4-MU,1,C6,Sample,Faeces,NA,NA,Fresh,2000,TRUE
30.09.23,4-MU,1,C7,Sample,Faeces,NA,NA,Fresh,2000,TRUE
30.09.23,4-MU,1,C8,Sample,Faeces,NA,NA,Fresh,2000,TRUE
30.09.23,4-MU,1,C9,Sample,Faeces,NA,NA,Fresh,2000,TRUE
30.09.23,4-MU,1,C10,Sample,Faeces,NA,NA,Fresh,2000,TRUE
30.09.23,4-MU,1,C11,Sample,Faeces,NA,NA,Fresh,2000,TRUE
30.09.23,4-MU,1,C12,Sample,Faeces,NA,NA,Fresh,2000,TRUE
30.09.23,4-MU,1,D1,Sample,Faeces,NA,NA,Fresh,2000,TRUE
30.09.23,4-MU,1,D2,Sample,Faeces,NA,NA,Fresh,2000,TRUE
30.09.23,4-MU,1,D3,Sample,Faeces,NA,NA,Fresh,2000,TRUE
30.09.23,4-MU,1,D4,Sample,Faeces,NA,NA,Fresh,2000,TRUE
30.09.23,4-MU,1,D5,Sample,Faeces,NA,NA,Fresh,2000,TRUE
30.09.23,4-MU,1,D6,Sample,Faeces,NA,NA,Fresh,2000,TRUE
30.09.23,4-MU,1,D7,Sample,Faeces,NA,NA,Fresh,2000,TRUE
30.09.23,4-MU,1,D8,Sample,Faeces,NA,NA,Fresh,2000,TRUE
30.09.23,4-MU,1,D9,Sample,Faeces,NA,NA,Fresh,2000,TRUE
30.09.23,4-MU,1,D10,Sample,Faeces,NA,NA,Fresh,2000,TRUE
30.09.23,4-MU,1,D11,Sample,Faeces,NA,NA,Fresh,2000,TRUE
30.09.23,4-MU,1,D12,Sample,Faeces,NA,NA,Fresh,2000,TRUE
30.09.23,4-MU,1,E1,Sample,Faeces,NA,NA,Fresh,2000,TRUE
30.09.23,4-MU,1,E2,Sample,Faeces,NA,NA,Fresh,2000,TRUE
30.09.23,4-MU,1,E3,Sample,Faeces,NA,NA,Fresh,2000,TRUE
30.09.23,4-MU,1,E4,Sample,Faeces,NA,NA,Fresh,2000,TRUE
30.09.23,4-MU,1,E5,Sample,Faeces,NA,NA,Fresh,2000,TRUE
30.09.23,4-MU,1,E6,Sample,Faeces,NA,NA,Fresh,2000,TRUE
30.09.23,4-MU,1,E7,Sample,Faeces,NA,NA,Fresh,2000,TRUE
30.09.23,4-MU,1,E8,Sample,Faeces,NA,NA,Fresh,2000,TRUE
30.09.23,4-MU,1,E9,Sample,Faeces,NA,NA,Fresh,2000,TRUE
30.09.23,4-MU,1,E10,Sample,Faeces,NA,NA,Fresh,2000,TRUE
30.09.23,4-MU,1,E11,Sample,Faeces,NA,NA,Fresh,2000,TRUE
30.09.23,4-MU,1,E12,Sample,Faeces,NA,NA,Fresh,2000,TRUE
30.09.23,4-MU,1,F1,Sample,Faeces,NA,NA,Fresh,2000,TRUE
30.09.23,4-MU,1,F2,Sample,Faeces,NA,NA,Fresh,2000,TRUE
30.09.23,4-MU,1,F3,Sample,Faeces,NA,NA,Fresh,2000,TRUE
30.09.23,4-MU,1,F4,Sample,Faeces,NA,NA,Fresh,2000,TRUE
30.09.23,4-MU,1,F5,Sample,Faeces,NA,NA,Fresh,2000,TRUE
30.09.23,4-MU,1,F6,Sample,Faeces,NA,NA,Fresh,2000,TRUE
30.09.23,4-MU,1,F7,Sample,Faeces,NA,NA,Fresh,2000,TRUE
30.09.23,4-MU,1,F8,Sample,Faeces,NA,NA,Fresh,2000,TRUE
30.09.23,4-MU,1,F9,Sample,Faeces,NA,NA,Fresh,2000,TRUE
30.09.23,4-MU,1,F10,Sample,Faeces,NA,NA,Fresh,2000,TRUE
30.09.23,4-MU,1,F11,Sample,Faeces,NA,NA,Fresh,2000,TRUE
30.09.23,4-MU,1,F12,Sample,Faeces,NA,NA,Fresh,2000,TRUE
30.09.23,4-MU,1,G1,Blank,NA,NA,NA,NA,2000,FALSE
30.09.23,4-MU,1,G2,Standard,NA,NA,NA,NA,0,FALSE
30.09.23,4-MU,1,G3,Standard,Faeces,NA,NA,NA,0,TRUE
30.09.23,4-MU,1,G4,Standard,NA,NA,NA,NA,0.1,FALSE
30.09.23,4-MU,1,G5,Standard,Faeces,NA,NA,NA,0.1,TRUE
30.09.23,4-MU,1,G6,Standard,NA,NA,NA,NA,0.2,FALSE
30.09.23,4-MU,1,G7,Standard,Faeces,NA,NA,NA,0.2,TRUE
30.09.23,4-MU,1,G8,Standard,NA,NA,NA,NA,0.5,FALSE
30.09.23,4-MU,1,G9,Standard,Faeces,NA,NA,NA,0.5,TRUE
30.09.23,4-MU,1,G10,Standard,NA,NA,NA,NA,1,FALSE
30.09.23,4-MU,1,G11,Standard,Faeces,NA,NA,NA,1,TRUE
30.09.23,4-MU,1,G12,Standard,NA,NA,NA,NA,2,FALSE
30.09.23,4-MU,1,H1,Standard,Faeces,NA,NA,NA,2,TRUE
30.09.23,4-MU,1,H2,Standard,NA,NA,NA,NA,5,FALSE
30.09.23,4-MU,1,H3,Standard,Faeces,NA,NA,NA,5,TRUE
30.09.23,4-MU,1,H4,Standard,NA,NA,NA,NA,10,FALSE
30.09.23,4-MU,1,H5,Standard,Faeces,NA,NA,NA,10,TRUE
30.09.23,4-MU,1,H6,Standard,NA,NA,NA,NA,20,FALSE
30.09.23,4-MU,1,H7,Standard,Faeces,NA,NA,NA,20,TRUE
30.09.23,4-MU,1,H8,Standard,NA,NA,NA,NA,50,FALSE
30.09.23,4-MU,1,H9,Standard,Faeces,NA,NA,NA,50,TRUE
30.09.23,4-MU,1,H10,Standard,NA,NA,NA,NA,100,FALSE
30.09.23,4-MU,1,H11,Standard,Faeces,NA,NA,NA,100,TRUE
30.09.23,4-MU,1,H12,Standard,Faeces,NA,NA,NA,150,TRUE
30.09.23,4-MU,2,A1,Sample,Faeces,NA,NA,Control,2000,TRUE
30.09.23,4-MU,2,A2,Sample,Faeces,NA,NA,Control,2000,TRUE
30.09.23,4-MU,2,A3,Sample,Faeces,NA,NA,Control,2000,TRUE
30.09.23,4-MU,2,A4,Sample,Faeces,NA,NA,Penicillin,2000,TRUE
30.09.23,4-MU,2,A5,Sample,Faeces,NA,NA,Penicillin,2000,TRUE
30.09.23,4-MU,2,A6,Sample,Faeces,NA,NA,Penicillin,2000,TRUE
30.09.23,4-MU,2,A7,Sample,Faeces,NA,NA,Nystatin,2000,TRUE
30.09.23,4-MU,2,A8,Sample,Faeces,NA,NA,Nystatin,2000,TRUE
30.09.23,4-MU,2,A9,Sample,Faeces,NA,NA,Nystatin,2000,TRUE
30.09.23,4-MU,2,A10,Sample,Faeces,NA,NA,Penicillin + Nystatin,2000,TRUE
30.09.23,4-MU,2,A11,Sample,Faeces,NA,NA,Penicillin + Nystatin,2000,TRUE
30.09.23,4-MU,2,A12,Sample,Faeces,NA,NA,Penicillin + Nystatin,2000,TRUE
30.09.23,4-MU,2,B1,Sample,Faeces,NA,NA,Control,2000,TRUE
30.09.23,4-MU,2,B2,Sample,Faeces,NA,NA,Control,2000,TRUE
30.09.23,4-MU,2,B3,Sample,Faeces,NA,NA,Control,2000,TRUE
30.09.23,4-MU,2,B4,Sample,Faeces,NA,NA,Penicillin,2000,TRUE
30.09.23,4-MU,2,B5,Sample,Faeces,NA,NA,Penicillin,2000,TRUE
30.09.23,4-MU,2,B6,Sample,Faeces,NA,NA,Penicillin,2000,TRUE
30.09.23,4-MU,2,B7,Sample,Faeces,NA,NA,Nystatin,2000,TRUE
30.09.23,4-MU,2,B8,Sample,Faeces,NA,NA,Nystatin,2000,TRUE
30.09.23,4-MU,2,B9,Sample,Faeces,NA,NA,Nystatin,2000,TRUE
30.09.23,4-MU,2,B10,Sample,Faeces,NA,NA,Penicillin + Nystatin,2000,TRUE
30.09.23,4-MU,2,B11,Sample,Faeces,NA,NA,Penicillin + Nystatin,2000,TRUE
30.09.23,4-MU,2,B12,Sample,Faeces,NA,NA,Penicillin + Nystatin,2000,TRUE
30.09.23,4-MU,2,C1,Sample,Faeces,NA,NA,Control,2000,TRUE
30.09.23,4-MU,2,C2,Sample,Faeces,NA,NA,Control,2000,TRUE
30.09.23,4-MU,2,C3,Sample,Faeces,NA,NA,Control,2000,TRUE
30.09.23,4-MU,2,C4,Sample,Faeces,NA,NA,Penicillin,2000,TRUE
30.09.23,4-MU,2,C5,Sample,Faeces,NA,NA,Penicillin,2000,TRUE
30.09.23,4-MU,2,C6,Sample,Faeces,NA,NA,Penicillin,2000,TRUE
30.09.23,4-MU,2,C7,Sample,Faeces,NA,NA,Nystatin,2000,TRUE
30.09.23,4-MU,2,C8,Sample,Faeces,NA,NA,Nystatin,2000,TRUE
30.09.23,4-MU,2,C9,Sample,Faeces,NA,NA,Nystatin,2000,TRUE
30.09.23,4-MU,2,C10,Sample,Faeces,NA,NA,Penicillin + Nystatin,2000,TRUE
30.09.23,4-MU,2,C11,Sample,Faeces,NA,NA,Penicillin + Nystatin,2000,TRUE
30.09.23,4-MU,2,C12,Sample,Faeces,NA,NA,Penicillin + Nystatin,2000,TRUE
30.09.23,4-MU,2,D1,Sample,Faeces,NA,NA,Control,2000,TRUE
30.09.23,4-MU,2,D2,Sample,Faeces,NA,NA,Control,2000,TRUE
30.09.23,4-MU,2,D3,Sample,Faeces,NA,NA,Control,2000,TRUE
30.09.23,4-MU,2,D4,Sample,Faeces,NA,NA,Penicillin,2000,TRUE
30.09.23,4-MU,2,D5,Sample,Faeces,NA,NA,Penicillin,2000,TRUE
30.09.23,4-MU,2,D6,Sample,Faeces,NA,NA,Penicillin,2000,TRUE
30.09.23,4-MU,2,D7,Sample,Faeces,NA,NA,Nystatin,2000,TRUE
30.09.23,4-MU,2,D8,Sample,Faeces,NA,NA,Nystatin,2000,TRUE
30.09.23,4-MU,2,D9,Sample,Faeces,NA,NA,Nystatin,2000,TRUE
30.09.23,4-MU,2,D10,Sample,Faeces,NA,NA,Penicillin + Nystatin,2000,TRUE
30.09.23,4-MU,2,D11,Sample,Faeces,NA,NA,Penicillin + Nystatin,2000,TRUE
30.09.23,4-MU,2,D12,Sample,Faeces,NA,NA,Penicillin + Nystatin,2000,TRUE
30.09.23,4-MU,2,E1,Sample,Faeces,NA,NA,Control,2000,TRUE
30.09.23,4-MU,2,E2,Sample,Faeces,NA,NA,Control,2000,TRUE
30.09.23,4-MU,2,E3,Sample,Faeces,NA,NA,Control,2000,TRUE
30.09.23,4-MU,2,E4,Sample,Faeces,NA,NA,Penicillin,2000,TRUE
30.09.23,4-MU,2,E5,Sample,Faeces,NA,NA,Penicillin,2000,TRUE
30.09.23,4-MU,2,E6,Sample,Faeces,NA,NA,Penicillin,2000,TRUE
30.09.23,4-MU,2,E7,Sample,Faeces,NA,NA,Nystatin,2000,TRUE
30.09.23,4-MU,2,E8,Sample,Faeces,NA,NA,Nystatin,2000,TRUE
30.09.23,4-MU,2,E9,Sample,Faeces,NA,NA,Nystatin,2000,TRUE
30.09.23,4-MU,2,E10,Sample,Faeces,NA,NA,Penicillin + Nystatin,2000,TRUE
30.09.23,4-MU,2,E11,Sample,Faeces,NA,NA,Penicillin + Nystatin,2000,TRUE
30.09.23,4-MU,2,E12,Sample,Faeces,NA,NA,Penicillin + Nystatin,2000,TRUE
30.09.23,4-MU,2,F1,Sample,Faeces,NA,NA,Control,2000,TRUE
30.09.23,4-MU,2,F2,Sample,Faeces,NA,NA,Control,2000,TRUE
30.09.23,4-MU,2,F3,Sample,Faeces,NA,NA,Control,2000,TRUE
30.09.23,4-MU,2,F4,Sample,Faeces,NA,NA,Penicillin,2000,TRUE
30.09.23,4-MU,2,F5,Sample,Faeces,NA,NA,Penicillin,2000,TRUE
30.09.23,4-MU,2,F6,Sample,Faeces,NA,NA,Penicillin,2000,TRUE
30.09.23,4-MU,2,F7,Sample,Faeces,NA,NA,Nystatin,2000,TRUE
30.09.23,4-MU,2,F8,Sample,Faeces,NA,NA,Nystatin,2000,TRUE
30.09.23,4-MU,2,F9,Sample,Faeces,NA,NA,Nystatin,2000,TRUE
30.09.23,4-MU,2,F10,Sample,Faeces,NA,NA,Penicillin + Nystatin,2000,TRUE
30.09.23,4-MU,2,F11,Sample,Faeces,NA,NA,Penicillin + Nystatin,2000,TRUE
30.09.23,4-MU,2,F12,Sample,Faeces,NA,NA,Penicillin + Nystatin,2000,TRUE
30.09.23,4-MU,2,G1,Blank,NA,NA,NA,NA,2000,FALSE
30.09.23,4-MU,2,G2,Standard,NA,NA,NA,NA,0,FALSE
30.09.23,4-MU,2,G3,Standard,Faeces,NA,NA,NA,0,TRUE
30.09.23,4-MU,2,G4,Standard,NA,NA,NA,NA,0.1,FALSE
30.09.23,4-MU,2,G5,Standard,Faeces,NA,NA,NA,0.1,TRUE
30.09.23,4-MU,2,G6,Standard,NA,NA,NA,NA,0.2,FALSE
30.09.23,4-MU,2,G7,Standard,Faeces,NA,NA,NA,0.2,TRUE
30.09.23,4-MU,2,G8,Standard,NA,NA,NA,NA,0.5,FALSE
30.09.23,4-MU,2,G9,Standard,Faeces,NA,NA,NA,0.5,TRUE
30.09.23,4-MU,2,G10,Standard,NA,NA,NA,NA,1,FALSE
30.09.23,4-MU,2,G11,Standard,Faeces,NA,NA,NA,1,TRUE
30.09.23,4-MU,2,G12,Standard,NA,NA,NA,NA,2,FALSE
30.09.23,4-MU,2,H1,Standard,Faeces,NA,NA,NA,2,TRUE
30.09.23,4-MU,2,H2,Standard,NA,NA,NA,NA,5,FALSE
30.09.23,4-MU,2,H3,Standard,Faeces,NA,NA,NA,5,TRUE
30.09.23,4-MU,2,H4,Standard,NA,NA,NA,NA,10,FALSE
30.09.23,4-MU,2,H5,Standard,Faeces,NA,NA,NA,10,TRUE
30.09.23,4-MU,2,H6,Standard,NA,NA,NA,NA,20,FALSE
30.09.23,4-MU,2,H7,Standard,Faeces,NA,NA,NA,20,TRUE
30.09.23,4-MU,2,H8,Standard,NA,NA,NA,NA,50,FALSE
30.09.23,4-MU,2,H9,Standard,Faeces,NA,NA,NA,50,TRUE
30.09.23,4-MU,2,H10,Standard,NA,NA,NA,NA,100,FALSE
30.09.23,4-MU,2,H11,Standard,Faeces,NA,NA,NA,100,TRUE
30.09.23,4-MU,2,H12,Standard,Faeces,NA,NA,NA,150,TRUE
30.09.23,4-MU,3,A1,Sample,Faeces,NA,NA,Control,2000,TRUE
30.09.23,4-MU,3,A2,Sample,Faeces,NA,NA,Control,2000,TRUE
30.09.23,4-MU,3,A3,Sample,Faeces,NA,NA,Control,2000,TRUE
30.09.23,4-MU,3,A4,Sample,Faeces,NA,NA,Penicillin,2000,TRUE
30.09.23,4-MU,3,A5,Sample,Faeces,NA,NA,Penicillin,2000,TRUE
30.09.23,4-MU,3,A6,Sample,Faeces,NA,NA,Penicillin,2000,TRUE
30.09.23,4-MU,3,A7,Sample,Faeces,NA,NA,Nystatin,2000,TRUE
30.09.23,4-MU,3,A8,Sample,Faeces,NA,NA,Nystatin,2000,TRUE
30.09.23,4-MU,3,A9,Sample,Faeces,NA,NA,Nystatin,2000,TRUE
30.09.23,4-MU,3,A10,Sample,Faeces,NA,NA,Penicillin + Nystatin,2000,TRUE
30.09.23,4-MU,3,A11,Sample,Faeces,NA,NA,Penicillin + Nystatin,2000,TRUE
30.09.23,4-MU,3,A12,Sample,Faeces,NA,NA,Penicillin + Nystatin,2000,TRUE
30.09.23,4-MU,3,B1,Sample,Faeces,NA,NA,Control,2000,TRUE
30.09.23,4-MU,3,B2,Sample,Faeces,NA,NA,Control,2000,TRUE
30.09.23,4-MU,3,B3,Sample,Faeces,NA,NA,Control,2000,TRUE
30.09.23,4-MU,3,B4,Sample,Faeces,NA,NA,Penicillin,2000,TRUE
30.09.23,4-MU,3,B5,Sample,Faeces,NA,NA,Penicillin,2000,TRUE
30.09.23,4-MU,3,B6,Sample,Faeces,NA,NA,Penicillin,2000,TRUE
30.09.23,4-MU,3,B7,Sample,Faeces,NA,NA,Nystatin,2000,TRUE
30.09.23,4-MU,3,B8,Sample,Faeces,NA,NA,Nystatin,2000,TRUE
30.09.23,4-MU,3,B9,Sample,Faeces,NA,NA,Nystatin,2000,TRUE
30.09.23,4-MU,3,B10,Sample,Faeces,NA,NA,Penicillin + Nystatin,2000,TRUE
30.09.23,4-MU,3,B11,Sample,Faeces,NA,NA,Penicillin + Nystatin,2000,TRUE
30.09.23,4-MU,3,B12,Sample,Faeces,NA,NA,Penicillin + Nystatin,2000,TRUE
30.09.23,4-MU,3,C1,Sample,Faeces,NA,NA,Control,2000,TRUE
30.09.23,4-MU,3,C2,Sample,Faeces,NA,NA,Control,2000,TRUE
30.09.23,4-MU,3,C3,Sample,Faeces,NA,NA,Control,2000,TRUE
30.09.23,4-MU,3,C4,Sample,Faeces,NA,NA,Penicillin,2000,TRUE
30.09.23,4-MU,3,C5,Sample,Faeces,NA,NA,Penicillin,2000,TRUE
30.09.23,4-MU,3,C6,Sample,Faeces,NA,NA,Penicillin,2000,TRUE
30.09.23,4-MU,3,C7,Sample,Faeces,NA,NA,Nystatin,2000,TRUE
30.09.23,4-MU,3,C8,Sample,Faeces,NA,NA,Nystatin,2000,TRUE
30.09.23,4-MU,3,C9,Sample,Faeces,NA,NA,Nystatin,2000,TRUE
30.09.23,4-MU,3,C10,Sample,Faeces,NA,NA,Penicillin + Nystatin,2000,TRUE
30.09.23,4-MU,3,C11,Sample,Faeces,NA,NA,Penicillin + Nystatin,2000,TRUE
30.09.23,4-MU,3,C12,Sample,Faeces,NA,NA,Penicillin + Nystatin,2000,TRUE
30.09.23,4-MU,3,D1,Sample,Faeces,NA,NA,Control,2000,TRUE
30.09.23,4-MU,3,D2,Sample,Faeces,NA,NA,Control,2000,TRUE
30.09.23,4-MU,3,D3,Sample,Faeces,NA,NA,Control,2000,TRUE
30.09.23,4-MU,3,D4,Sample,Faeces,NA,NA,Penicillin,2000,TRUE
30.09.23,4-MU,3,D5,Sample,Faeces,NA,NA,Penicillin,2000,TRUE
30.09.23,4-MU,3,D6,Sample,Faeces,NA,NA,Penicillin,2000,TRUE
30.09.23,4-MU,3,D7,Sample,Faeces,NA,NA,Nystatin,2000,TRUE
30.09.23,4-MU,3,D8,Sample,Faeces,NA,NA,Nystatin,2000,TRUE
30.09.23,4-MU,3,D9,Sample,Faeces,NA,NA,Nystatin,2000,TRUE
30.09.23,4-MU,3,D10,Sample,Faeces,NA,NA,Penicillin + Nystatin,2000,TRUE
30.09.23,4-MU,3,D11,Sample,Faeces,NA,NA,Penicillin + Nystatin,2000,TRUE
30.09.23,4-MU,3,D12,Sample,Faeces,NA,NA,Penicillin + Nystatin,2000,TRUE
30.09.23,4-MU,3,E1,Sample,Faeces,NA,NA,Control,2000,TRUE
30.09.23,4-MU,3,E2,Sample,Faeces,NA,NA,Control,2000,TRUE
30.09.23,4-MU,3,E3,Sample,Faeces,NA,NA,Control,2000,TRUE
30.09.23,4-MU,3,E4,Sample,Faeces,NA,NA,Penicillin,2000,TRUE
30.09.23,4-MU,3,E5,Sample,Faeces,NA,NA,Penicillin,2000,TRUE
30.09.23,4-MU,3,E6,Sample,Faeces,NA,NA,Penicillin,2000,TRUE
30.09.23,4-MU,3,E7,Sample,Faeces,NA,NA,Nystatin,2000,TRUE
30.09.23,4-MU,3,E8,Sample,Faeces,NA,NA,Nystatin,2000,TRUE
30.09.23,4-MU,3,E9,Sample,Faeces,NA,NA,Nystatin,2000,TRUE
30.09.23,4-MU,3,E10,Sample,Faeces,NA,NA,Penicillin + Nystatin,2000,TRUE
30.09.23,4-MU,3,E11,Sample,Faeces,NA,NA,Penicillin + Nystatin,2000,TRUE
30.09.23,4-MU,3,E12,Sample,Faeces,NA,NA,Penicillin + Nystatin,2000,TRUE
30.09.23,4-MU,3,F1,Sample,Faeces,NA,NA,Control,2000,TRUE
30.09.23,4-MU,3,F2,Sample,Faeces,NA,NA,Control,2000,TRUE
30.09.23,4-MU,3,F3,Sample,Faeces,NA,NA,Control,2000,TRUE
30.09.23,4-MU,3,F4,Sample,Faeces,NA,NA,Penicillin,2000,TRUE
30.09.23,4-MU,3,F5,Sample,Faeces,NA,NA,Penicillin,2000,TRUE
30.09.23,4-MU,3,F6,Sample,Faeces,NA,NA,Penicillin,2000,TRUE
30.09.23,4-MU,3,F7,Sample,Faeces,NA,NA,Nystatin,2000,TRUE
30.09.23,4-MU,3,F8,Sample,Faeces,NA,NA,Nystatin,2000,TRUE
30.09.23,4-MU,3,F9,Sample,Faeces,NA,NA,Nystatin,2000,TRUE
30.09.23,4-MU,3,F10,Sample,Faeces,NA,NA,Penicillin + Nystatin,2000,TRUE
30.09.23,4-MU,3,F11,Sample,Faeces,NA,NA,Penicillin + Nystatin,2000,TRUE
30.09.23,4-MU,3,F12,Sample,Faeces,NA,NA,Penicillin + Nystatin,2000,TRUE
30.09.23,4-MU,3,G1,Blank,NA,NA,NA,NA,2000,FALSE
30.09.23,4-MU,3,G2,Standard,NA,NA,NA,NA,0,FALSE
30.09.23,4-MU,3,G3,Standard,Faeces,NA,NA,NA,0,TRUE
30.09.23,4-MU,3,G4,Standard,NA,NA,NA,NA,0.1,FALSE
30.09.23,4-MU,3,G5,Standard,Faeces,NA,NA,NA,0.1,TRUE
30.09.23,4-MU,3,G6,Standard,NA,NA,NA,NA,0.2,FALSE
30.09.23,4-MU,3,G7,Standard,Faeces,NA,NA,NA,0.2,TRUE
30.09.23,4-MU,3,G8,Standard,NA,NA,NA,NA,0.5,FALSE
30.09.23,4-MU,3,G9,Standard,Faeces,NA,NA,NA,0.5,TRUE
30.09.23,4-MU,3,G10,Standard,NA,NA,NA,NA,1,FALSE
30.09.23,4-MU,3,G11,Standard,Faeces,NA,NA,NA,1,TRUE
30.09.23,4-MU,3,G12,Standard,NA,NA,NA,NA,2,FALSE
30.09.23,4-MU,3,H1,Standard,Faeces,NA,NA,NA,2,TRUE
30.09.23,4-MU,3,H2,Standard,NA,NA,NA,NA,5,FALSE
30.09.23,4-MU,3,H3,Standard,Faeces,NA,NA,NA,5,TRUE
30.09.23,4-MU,3,H4,Standard,NA,NA,NA,NA,10,FALSE
30.09.23,4-MU,3,H5,Standard,Faeces,NA,NA,NA,10,TRUE
30.09.23,4-MU,3,H6,Standard,NA,NA,NA,NA,20,FALSE
30.09.23,4-MU,3,H7,Standard,Faeces,NA,NA,NA,20,TRUE
30.09.23,4-MU,3,H8,Standard,NA,NA,NA,NA,50,FALSE
30.09.23,4-MU,3,H9,Standard,Faeces,NA,NA,NA,50,TRUE
30.09.23,4-MU,3,H10,Standard,NA,NA,NA,NA,100,FALSE
30.09.23,4-MU,3,H11,Standard,Faeces,NA,NA,NA,100,TRUE
30.09.23,4-MU,3,H12,Standard,Faeces,NA,NA,NA,150,TRUE
30.09.23,4-MU,4,A1,Sample,Faeces,NA,NA,Control,2000,TRUE
30.09.23,4-MU,4,A2,Sample,Faeces,NA,NA,Control,2000,TRUE
30.09.23,4-MU,4,A3,Sample,Faeces,NA,NA,Control,2000,TRUE
30.09.23,4-MU,4,A4,Sample,Faeces,NA,NA,Penicillin,2000,TRUE
30.09.23,4-MU,4,A5,Sample,Faeces,NA,NA,Penicillin,2000,TRUE
30.09.23,4-MU,4,A6,Sample,Faeces,NA,NA,Penicillin,2000,TRUE
30.09.23,4-MU,4,A7,Sample,Faeces,NA,NA,Nystatin,2000,TRUE
30.09.23,4-MU,4,A8,Sample,Faeces,NA,NA,Nystatin,2000,TRUE
30.09.23,4-MU,4,A9,Sample,Faeces,NA,NA,Nystatin,2000,TRUE
30.09.23,4-MU,4,A10,Sample,Faeces,NA,NA,Penicillin + Nystatin,2000,TRUE
30.09.23,4-MU,4,A11,Sample,Faeces,NA,NA,Penicillin + Nystatin,2000,TRUE
30.09.23,4-MU,4,A12,Sample,Faeces,NA,NA,Penicillin + Nystatin,2000,TRUE
30.09.23,4-MU,4,B1,Sample,Faeces,NA,NA,Control,2000,TRUE
30.09.23,4-MU,4,B2,Sample,Faeces,NA,NA,Control,2000,TRUE
30.09.23,4-MU,4,B3,Sample,Faeces,NA,NA,Control,2000,TRUE
30.09.23,4-MU,4,B4,Sample,Faeces,NA,NA,Penicillin,2000,TRUE
30.09.23,4-MU,4,B5,Sample,Faeces,NA,NA,Penicillin,2000,TRUE
30.09.23,4-MU,4,B6,Sample,Faeces,NA,NA,Penicillin,2000,TRUE
30.09.23,4-MU,4,B7,Sample,Faeces,NA,NA,Nystatin,2000,TRUE
30.09.23,4-MU,4,B8,Sample,Faeces,NA,NA,Nystatin,2000,TRUE
30.09.23,4-MU,4,B9,Sample,Faeces,NA,NA,Nystatin,2000,TRUE
30.09.23,4-MU,4,B10,Sample,Faeces,NA,NA,Penicillin + Nystatin,2000,TRUE
30.09.23,4-MU,4,B11,Sample,Faeces,NA,NA,Penicillin + Nystatin,2000,TRUE
30.09.23,4-MU,4,B12,Sample,Faeces,NA,NA,Penicillin + Nystatin,2000,TRUE
30.09.23,4-MU,4,C1,Sample,Faeces,NA,NA,Control,2000,TRUE
30.09.23,4-MU,4,C2,Sample,Faeces,NA,NA,Control,2000,TRUE
30.09.23,4-MU,4,C3,Sample,Faeces,NA,NA,Control,2000,TRUE
30.09.23,4-MU,4,C4,Sample,Faeces,NA,NA,Penicillin,2000,TRUE
30.09.23,4-MU,4,C5,Sample,Faeces,NA,NA,Penicillin,2000,TRUE
30.09.23,4-MU,4,C6,Sample,Faeces,NA,NA,Penicillin,2000,TRUE
30.09.23,4-MU,4,C7,Sample,Faeces,NA,NA,Nystatin,2000,TRUE
30.09.23,4-MU,4,C8,Sample,Faeces,NA,NA,Nystatin,2000,TRUE
30.09.23,4-MU,4,C9,Sample,Faeces,NA,NA,Nystatin,2000,TRUE
30.09.23,4-MU,4,C10,Sample,Faeces,NA,NA,Penicillin + Nystatin,2000,TRUE
30.09.23,4-MU,4,C11,Sample,Faeces,NA,NA,Penicillin + Nystatin,2000,TRUE
30.09.23,4-MU,4,C12,Sample,Faeces,NA,NA,Penicillin + Nystatin,2000,TRUE
30.09.23,4-MU,4,D1,Sample,Faeces,NA,NA,Control,2000,TRUE
30.09.23,4-MU,4,D2,Sample,Faeces,NA,NA,Control,2000,TRUE
30.09.23,4-MU,4,D3,Sample,Faeces,NA,NA,Control,2000,TRUE
30.09.23,4-MU,4,D4,Sample,Faeces,NA,NA,Penicillin,2000,TRUE
30.09.23,4-MU,4,D5,Sample,Faeces,NA,NA,Penicillin,2000,TRUE
30.09.23,4-MU,4,D6,Sample,Faeces,NA,NA,Penicillin,2000,TRUE
30.09.23,4-MU,4,D7,Sample,Faeces,NA,NA,Nystatin,2000,TRUE
30.09.23,4-MU,4,D8,Sample,Faeces,NA,NA,Nystatin,2000,TRUE
30.09.23,4-MU,4,D9,Sample,Faeces,NA,NA,Nystatin,2000,TRUE
30.09.23,4-MU,4,D10,Sample,Faeces,NA,NA,Penicillin + Nystatin,2000,TRUE
30.09.23,4-MU,4,D11,Sample,Faeces,NA,NA,Penicillin + Nystatin,2000,TRUE
30.09.23,4-MU,4,D12,Sample,Faeces,NA,NA,Penicillin + Nystatin,2000,TRUE
30.09.23,4-MU,4,E1,Sample,Faeces,NA,NA,Control,2000,TRUE
30.09.23,4-MU,4,E2,Sample,Faeces,NA,NA,Control,2000,TRUE
30.09.23,4-MU,4,E3,Sample,Faeces,NA,NA,Control,2000,TRUE
30.09.23,4-MU,4,E4,Sample,Faeces,NA,NA,Penicillin,2000,TRUE
30.09.23,4-MU,4,E5,Sample,Faeces,NA,NA,Penicillin,2000,TRUE
30.09.23,4-MU,4,E6,Sample,Faeces,NA,NA,Penicillin,2000,TRUE
30.09.23,4-MU,4,E7,Sample,Faeces,NA,NA,Nystatin,2000,TRUE
30.09.23,4-MU,4,E8,Sample,Faeces,NA,NA,Nystatin,2000,TRUE
30.09.23,4-MU,4,E9,Sample,Faeces,NA,NA,Nystatin,2000,TRUE
30.09.23,4-MU,4,E10,Sample,Faeces,NA,NA,Penicillin + Nystatin,2000,TRUE
30.09.23,4-MU,4,E11,Sample,Faeces,NA,NA,Penicillin + Nystatin,2000,TRUE
30.09.23,4-MU,4,E12,Sample,Faeces,NA,NA,Penicillin + Nystatin,2000,TRUE
30.09.23,4-MU,4,F1,Sample,Faeces,NA,NA,Control,2000,TRUE
30.09.23,4-MU,4,F2,Sample,Faeces,NA,NA,Control,2000,TRUE
30.09.23,4-MU,4,F3,Sample,Faeces,NA,NA,Control,2000,TRUE
30.09.23,4-MU,4,F4,Sample,Faeces,NA,NA,Penicillin,2000,TRUE
30.09.23,4-MU,4,F5,Sample,Faeces,NA,NA,Penicillin,2000,TRUE
30.09.23,4-MU,4,F6,Sample,Faeces,NA,NA,Penicillin,2000,TRUE
30.09.23,4-MU,4,F7,Sample,Faeces,NA,NA,Nystatin,2000,TRUE
30.09.23,4-MU,4,F8,Sample,Faeces,NA,NA,Nystatin,2000,TRUE
30.09.23,4-MU,4,F9,Sample,Faeces,NA,NA,Nystatin,2000,TRUE
30.09.23,4-MU,4,F10,Sample,Faeces,NA,NA,Penicillin + Nystatin,2000,TRUE
30.09.23,4-MU,4,F11,Sample,Faeces,NA,NA,Penicillin + Nystatin,2000,TRUE
30.09.23,4-MU,4,F12,Sample,Faeces,NA,NA,Penicillin + Nystatin,2000,TRUE
30.09.23,4-MU,4,G1,Blank,NA,NA,NA,NA,2000,FALSE
30.09.23,4-MU,4,G2,Standard,NA,NA,NA,NA,0,FALSE
30.09.23,4-MU,4,G3,Standard,Faeces,NA,NA,NA,0,TRUE
30.09.23,4-MU,4,G4,Standard,NA,NA,NA,NA,0.1,FALSE
30.09.23,4-MU,4,G5,Standard,Faeces,NA,NA,NA,0.1,TRUE
30.09.23,4-MU,4,G6,Standard,NA,NA,NA,NA,0.2,FALSE
30.09.23,4-MU,4,G7,Standard,Faeces,NA,NA,NA,0.2,TRUE
30.09.23,4-MU,4,G8,Standard,NA,NA,NA,NA,0.5,FALSE
30.09.23,4-MU,4,G9,Standard,Faeces,NA,NA,NA,0.5,TRUE
30.09.23,4-MU,4,G10,Standard,NA,NA,NA,NA,1,FALSE
30.09.23,4-MU,4,G11,Standard,Faeces,NA,NA,NA,1,TRUE
30.09.23,4-MU,4,G12,Standard,NA,NA,NA,NA,2,FALSE
30.09.23,4-MU,4,H1,Standard,Faeces,NA,NA,NA,2,TRUE
30.09.23,4-MU,4,H2,Standard,NA,NA,NA,NA,5,FALSE
30.09.23,4-MU,4,H3,Standard,Faeces,NA,NA,NA,5,TRUE
30.09.23,4-MU,4,H4,Standard,NA,NA,NA,NA,10,FALSE
30.09.23,4-MU,4,H5,Standard,Faeces,NA,NA,NA,10,TRUE
30.09.23,4-MU,4,H6,Standard,NA,NA,NA,NA,20,FALSE
30.09.23,4-MU,4,H7,Standard,Faeces,NA,NA,NA,20,TRUE
30.09.23,4-MU,4,H8,Standard,NA,NA,NA,NA,50,FALSE
30.09.23,4-MU,4,H9,Standard,Faeces,NA,NA,NA,50,TRUE
30.09.23,4-MU,4,H10,Standard,NA,NA,NA,NA,100,FALSE
30.09.23,4-MU,4,H11,Standard,Faeces,NA,NA,NA,100,TRUE
30.09.23,4-MU,4,H12,Standard,Faeces,NA,NA,NA,150,TRUE
01.10.23,4-MU,1,A1,Sample,Faeces,NA,NA,Fresh,2000,TRUE
01.10.23,4-MU,1,A2,Sample,Faeces,NA,NA,Fresh,2000,TRUE
01.10.23,4-MU,1,A3,Sample,Faeces,NA,NA,Fresh,2000,TRUE
01.10.23,4-MU,1,A4,Sample,Faeces,NA,NA,Fresh,2000,TRUE
01.10.23,4-MU,1,A5,Sample,Faeces,NA,NA,Fresh,2000,TRUE
01.10.23,4-MU,1,A6,Sample,Faeces,NA,NA,Fresh,2000,TRUE
01.10.23,4-MU,1,A7,Sample,Faeces,NA,NA,Fresh,2000,TRUE
01.10.23,4-MU,1,A8,Sample,Faeces,NA,NA,Fresh,2000,TRUE
01.10.23,4-MU,1,A9,Sample,Faeces,NA,NA,Fresh,2000,TRUE
01.10.23,4-MU,1,A10,Sample,Faeces,NA,NA,Fresh,2000,TRUE
01.10.23,4-MU,1,A11,Sample,Faeces,NA,NA,Fresh,2000,TRUE
01.10.23,4-MU,1,A12,Sample,Faeces,NA,NA,Fresh,2000,TRUE
01.10.23,4-MU,1,B1,Sample,Faeces,NA,NA,Fresh,2000,TRUE
01.10.23,4-MU,1,B2,Sample,Faeces,NA,NA,Fresh,2000,TRUE
01.10.23,4-MU,1,B3,Sample,Faeces,NA,NA,Fresh,2000,TRUE
01.10.23,4-MU,1,B4,Sample,Faeces,NA,NA,Fresh,2000,TRUE
01.10.23,4-MU,1,B5,Sample,Faeces,NA,NA,Fresh,2000,TRUE
01.10.23,4-MU,1,B6,Sample,Faeces,NA,NA,Fresh,2000,TRUE
01.10.23,4-MU,1,B7,Sample,Faeces,NA,NA,Fresh,2000,TRUE
01.10.23,4-MU,1,B8,Sample,Faeces,NA,NA,Fresh,2000,TRUE
01.10.23,4-MU,1,B9,Sample,Faeces,NA,NA,Fresh,2000,TRUE
01.10.23,4-MU,1,B10,Sample,Faeces,NA,NA,Fresh,2000,TRUE
01.10.23,4-MU,1,B11,Sample,Faeces,NA,NA,Fresh,2000,TRUE
01.10.23,4-MU,1,B12,Sample,Faeces,NA,NA,Fresh,2000,TRUE
01.10.23,4-MU,1,C1,Sample,Faeces,NA,NA,Fresh,2000,TRUE
01.10.23,4-MU,1,C2,Sample,Faeces,NA,NA,Fresh,2000,TRUE
01.10.23,4-MU,1,C3,Sample,Faeces,NA,NA,Fresh,2000,TRUE
01.10.23,4-MU,1,C4,Sample,Faeces,NA,NA,Fresh,2000,TRUE
01.10.23,4-MU,1,C5,Sample,Faeces,NA,NA,Fresh,2000,TRUE
01.10.23,4-MU,1,C6,Sample,Faeces,NA,NA,Fresh,2000,TRUE
01.10.23,4-MU,1,C7,Sample,Faeces,NA,NA,Fresh,2000,TRUE
01.10.23,4-MU,1,C8,Sample,Faeces,NA,NA,Fresh,2000,TRUE
01.10.23,4-MU,1,C9,Sample,Faeces,NA,NA,Fresh,2000,TRUE
01.10.23,4-MU,1,C10,Sample,Faeces,NA,NA,Fresh,2000,TRUE
01.10.23,4-MU,1,C11,Sample,Faeces,NA,NA,Fresh,2000,TRUE
01.10.23,4-MU,1,C12,Sample,Faeces,NA,NA,Fresh,2000,TRUE
01.10.23,4-MU,1,D1,Sample,Faeces,NA,NA,Fresh,2000,TRUE
01.10.23,4-MU,1,D2,Sample,Faeces,NA,NA,Fresh,2000,TRUE
01.10.23,4-MU,1,D3,Sample,Faeces,NA,NA,Fresh,2000,TRUE
01.10.23,4-MU,1,D4,Sample,Faeces,NA,NA,Fresh,2000,TRUE
01.10.23,4-MU,1,D5,Sample,Faeces,NA,NA,Fresh,2000,TRUE
01.10.23,4-MU,1,D6,Sample,Faeces,NA,NA,Fresh,2000,TRUE
01.10.23,4-MU,1,D7,Sample,Faeces,NA,NA,Fresh,2000,TRUE
01.10.23,4-MU,1,D8,Sample,Faeces,NA,NA,Fresh,2000,TRUE
01.10.23,4-MU,1,D9,Sample,Faeces,NA,NA,Fresh,2000,TRUE
01.10.23,4-MU,1,D10,Sample,Faeces,NA,NA,Fresh,2000,TRUE
01.10.23,4-MU,1,D11,Sample,Faeces,NA,NA,Fresh,2000,TRUE
01.10.23,4-MU,1,D12,Sample,Faeces,NA,NA,Fresh,2000,TRUE
01.10.23,4-MU,1,E1,Sample,Faeces,NA,NA,Fresh,2000,TRUE
01.10.23,4-MU,1,E2,Sample,Faeces,NA,NA,Fresh,2000,TRUE
01.10.23,4-MU,1,E3,Sample,Faeces,NA,NA,Fresh,2000,TRUE
01.10.23,4-MU,1,E4,Sample,Faeces,NA,NA,Fresh,2000,TRUE
01.10.23,4-MU,1,E5,Sample,Faeces,NA,NA,Fresh,2000,TRUE
01.10.23,4-MU,1,E6,Sample,Faeces,NA,NA,Fresh,2000,TRUE
01.10.23,4-MU,1,E7,Sample,Faeces,NA,NA,Fresh,2000,TRUE
01.10.23,4-MU,1,E8,Sample,Faeces,NA,NA,Fresh,2000,TRUE
01.10.23,4-MU,1,E9,Sample,Faeces,NA,NA,Fresh,2000,TRUE
01.10.23,4-MU,1,E10,Sample,Faeces,NA,NA,Fresh,2000,TRUE
01.10.23,4-MU,1,E11,Sample,Faeces,NA,NA,Fresh,2000,TRUE
01.10.23,4-MU,1,E12,Sample,Faeces,NA,NA,Fresh,2000,TRUE
01.10.23,4-MU,1,F1,Sample,Faeces,NA,NA,Fresh,2000,TRUE
01.10.23,4-MU,1,F2,Sample,Faeces,NA,NA,Fresh,2000,TRUE
01.10.23,4-MU,1,F3,Sample,Faeces,NA,NA,Fresh,2000,TRUE
01.10.23,4-MU,1,F4,Sample,Faeces,NA,NA,Fresh,2000,TRUE
01.10.23,4-MU,1,F5,Sample,Faeces,NA,NA,Fresh,2000,TRUE
01.10.23,4-MU,1,F6,Sample,Faeces,NA,NA,Fresh,2000,TRUE
01.10.23,4-MU,1,F7,Sample,Faeces,NA,NA,Fresh,2000,TRUE
01.10.23,4-MU,1,F8,Sample,Faeces,NA,NA,Fresh,2000,TRUE
01.10.23,4-MU,1,F9,Sample,Faeces,NA,NA,Fresh,2000,TRUE
01.10.23,4-MU,1,F10,Sample,Faeces,NA,NA,Fresh,2000,TRUE
01.10.23,4-MU,1,F11,Sample,Faeces,NA,NA,Fresh,2000,TRUE
01.10.23,4-MU,1,F12,Sample,Faeces,NA,NA,Fresh,2000,TRUE
01.10.23,4-MU,1,G1,Blank,NA,NA,NA,NA,2000,FALSE
01.10.23,4-MU,1,G2,Standard,NA,NA,NA,NA,0,FALSE
01.10.23,4-MU,1,G3,Standard,Faeces,NA,NA,NA,0,TRUE
01.10.23,4-MU,1,G4,Standard,NA,NA,NA,NA,0.1,FALSE
01.10.23,4-MU,1,G5,Standard,Faeces,NA,NA,NA,0.1,TRUE
01.10.23,4-MU,1,G6,Standard,NA,NA,NA,NA,0.2,FALSE
01.10.23,4-MU,1,G7,Standard,Faeces,NA,NA,NA,0.2,TRUE
01.10.23,4-MU,1,G8,Standard,NA,NA,NA,NA,0.5,FALSE
01.10.23,4-MU,1,G9,Standard,Faeces,NA,NA,NA,0.5,TRUE
01.10.23,4-MU,1,G10,Standard,NA,NA,NA,NA,1,FALSE
01.10.23,4-MU,1,G11,Standard,Faeces,NA,NA,NA,1,TRUE
01.10.23,4-MU,1,G12,Standard,NA,NA,NA,NA,2,FALSE
01.10.23,4-MU,1,H1,Standard,Faeces,NA,NA,NA,2,TRUE
01.10.23,4-MU,1,H2,Standard,NA,NA,NA,NA,5,FALSE
01.10.23,4-MU,1,H3,Standard,Faeces,NA,NA,NA,5,TRUE
01.10.23,4-MU,1,H4,Standard,NA,NA,NA,NA,10,FALSE
01.10.23,4-MU,1,H5,Standard,Faeces,NA,NA,NA,10,TRUE
01.10.23,4-MU,1,H6,Standard,NA,NA,NA,NA,20,FALSE
01.10.23,4-MU,1,H7,Standard,Faeces,NA,NA,NA,20,TRUE
01.10.23,4-MU,1,H8,Standard,NA,NA,NA,NA,50,FALSE
01.10.23,4-MU,1,H9,Standard,Faeces,NA,NA,NA,50,TRUE
01.10.23,4-MU,1,H10,Standard,NA,NA,NA,NA,100,FALSE
01.10.23,4-MU,1,H11,Standard,Faeces,NA,NA,NA,100,TRUE
01.10.23,4-MU,1,H12,Standard,Faeces,NA,NA,NA,150,TRUE
01.10.23,4-MU,2,A1,Sample,Faeces,NA,NA,Control,2000,TRUE
01.10.23,4-MU,2,A2,Sample,Faeces,NA,NA,Control,2000,TRUE
01.10.23,4-MU,2,A3,Sample,Faeces,NA,NA,Control,2000,TRUE
01.10.23,4-MU,2,A4,Sample,Faeces,NA,NA,Penicillin,2000,TRUE
01.10.23,4-MU,2,A5,Sample,Faeces,NA,NA,Penicillin,2000,TRUE
01.10.23,4-MU,2,A6,Sample,Faeces,NA,NA,Penicillin,2000,TRUE
01.10.23,4-MU,2,A7,Sample,Faeces,NA,NA,Nystatin,2000,TRUE
01.10.23,4-MU,2,A8,Sample,Faeces,NA,NA,Nystatin,2000,TRUE
01.10.23,4-MU,2,A9,Sample,Faeces,NA,NA,Nystatin,2000,TRUE
01.10.23,4-MU,2,A10,Sample,Faeces,NA,NA,Penicillin + Nystatin,2000,TRUE
01.10.23,4-MU,2,A11,Sample,Faeces,NA,NA,Penicillin + Nystatin,2000,TRUE
01.10.23,4-MU,2,A12,Sample,Faeces,NA,NA,Penicillin + Nystatin,2000,TRUE
01.10.23,4-MU,2,B1,Sample,Faeces,NA,NA,Control,2000,TRUE
01.10.23,4-MU,2,B2,Sample,Faeces,NA,NA,Control,2000,TRUE
01.10.23,4-MU,2,B3,Sample,Faeces,NA,NA,Control,2000,TRUE
01.10.23,4-MU,2,B4,Sample,Faeces,NA,NA,Penicillin,2000,TRUE
01.10.23,4-MU,2,B5,Sample,Faeces,NA,NA,Penicillin,2000,TRUE
01.10.23,4-MU,2,B6,Sample,Faeces,NA,NA,Penicillin,2000,TRUE
01.10.23,4-MU,2,B7,Sample,Faeces,NA,NA,Nystatin,2000,TRUE
01.10.23,4-MU,2,B8,Sample,Faeces,NA,NA,Nystatin,2000,TRUE
01.10.23,4-MU,2,B9,Sample,Faeces,NA,NA,Nystatin,2000,TRUE
01.10.23,4-MU,2,B10,Sample,Faeces,NA,NA,Penicillin + Nystatin,2000,TRUE
01.10.23,4-MU,2,B11,Sample,Faeces,NA,NA,Penicillin + Nystatin,2000,TRUE
01.10.23,4-MU,2,B12,Sample,Faeces,NA,NA,Penicillin + Nystatin,2000,TRUE
01.10.23,4-MU,2,C1,Sample,Faeces,NA,NA,Control,2000,TRUE
01.10.23,4-MU,2,C2,Sample,Faeces,NA,NA,Control,2000,TRUE
01.10.23,4-MU,2,C3,Sample,Faeces,NA,NA,Control,2000,TRUE
01.10.23,4-MU,2,C4,Sample,Faeces,NA,NA,Penicillin,2000,TRUE
01.10.23,4-MU,2,C5,Sample,Faeces,NA,NA,Penicillin,2000,TRUE
01.10.23,4-MU,2,C6,Sample,Faeces,NA,NA,Penicillin,2000,TRUE
01.10.23,4-MU,2,C7,Sample,Faeces,NA,NA,Nystatin,2000,TRUE
01.10.23,4-MU,2,C8,Sample,Faeces,NA,NA,Nystatin,2000,TRUE
01.10.23,4-MU,2,C9,Sample,Faeces,NA,NA,Nystatin,2000,TRUE
01.10.23,4-MU,2,C10,Sample,Faeces,NA,NA,Penicillin + Nystatin,2000,TRUE
01.10.23,4-MU,2,C11,Sample,Faeces,NA,NA,Penicillin + Nystatin,2000,TRUE
01.10.23,4-MU,2,C12,Sample,Faeces,NA,NA,Penicillin + Nystatin,2000,TRUE
01.10.23,4-MU,2,D1,Sample,Faeces,NA,NA,Control,2000,TRUE
01.10.23,4-MU,2,D2,Sample,Faeces,NA,NA,Control,2000,TRUE
01.10.23,4-MU,2,D3,Sample,Faeces,NA,NA,Control,2000,TRUE
01.10.23,4-MU,2,D4,Sample,Faeces,NA,NA,Penicillin,2000,TRUE
01.10.23,4-MU,2,D5,Sample,Faeces,NA,NA,Penicillin,2000,TRUE
01.10.23,4-MU,2,D6,Sample,Faeces,NA,NA,Penicillin,2000,TRUE
01.10.23,4-MU,2,D7,Sample,Faeces,NA,NA,Nystatin,2000,TRUE
01.10.23,4-MU,2,D8,Sample,Faeces,NA,NA,Nystatin,2000,TRUE
01.10.23,4-MU,2,D9,Sample,Faeces,NA,NA,Nystatin,2000,TRUE
01.10.23,4-MU,2,D10,Sample,Faeces,NA,NA,Penicillin + Nystatin,2000,TRUE
01.10.23,4-MU,2,D11,Sample,Faeces,NA,NA,Penicillin + Nystatin,2000,TRUE
01.10.23,4-MU,2,D12,Sample,Faeces,NA,NA,Penicillin + Nystatin,2000,TRUE
01.10.23,4-MU,2,E1,Sample,Faeces,NA,NA,Control,2000,TRUE
01.10.23,4-MU,2,E2,Sample,Faeces,NA,NA,Control,2000,TRUE
01.10.23,4-MU,2,E3,Sample,Faeces,NA,NA,Control,2000,TRUE
01.10.23,4-MU,2,E4,Sample,Faeces,NA,NA,Penicillin,2000,TRUE
01.10.23,4-MU,2,E5,Sample,Faeces,NA,NA,Penicillin,2000,TRUE
01.10.23,4-MU,2,E6,Sample,Faeces,NA,NA,Penicillin,2000,TRUE
01.10.23,4-MU,2,E7,Sample,Faeces,NA,NA,Nystatin,2000,TRUE
01.10.23,4-MU,2,E8,Sample,Faeces,NA,NA,Nystatin,2000,TRUE
01.10.23,4-MU,2,E9,Sample,Faeces,NA,NA,Nystatin,2000,TRUE
01.10.23,4-MU,2,E10,Sample,Faeces,NA,NA,Penicillin + Nystatin,2000,TRUE
01.10.23,4-MU,2,E11,Sample,Faeces,NA,NA,Penicillin + Nystatin,2000,TRUE
01.10.23,4-MU,2,E12,Sample,Faeces,NA,NA,Penicillin + Nystatin,2000,TRUE
01.10.23,4-MU,2,F1,Sample,Faeces,NA,NA,Control,2000,TRUE
01.10.23,4-MU,2,F2,Sample,Faeces,NA,NA,Control,2000,TRUE
01.10.23,4-MU,2,F3,Sample,Faeces,NA,NA,Control,2000,TRUE
01.10.23,4-MU,2,F4,Sample,Faeces,NA,NA,Penicillin,2000,TRUE
01.10.23,4-MU,2,F5,Sample,Faeces,NA,NA,Penicillin,2000,TRUE
01.10.23,4-MU,2,F6,Sample,Faeces,NA,NA,Penicillin,2000,TRUE
01.10.23,4-MU,2,F7,Sample,Faeces,NA,NA,Nystatin,2000,TRUE
01.10.23,4-MU,2,F8,Sample,Faeces,NA,NA,Nystatin,2000,TRUE
01.10.23,4-MU,2,F9,Sample,Faeces,NA,NA,Nystatin,2000,TRUE
01.10.23,4-MU,2,F10,Sample,Faeces,NA,NA,Penicillin + Nystatin,2000,TRUE
01.10.23,4-MU,2,F11,Sample,Faeces,NA,NA,Penicillin + Nystatin,2000,TRUE
01.10.23,4-MU,2,F12,Sample,Faeces,NA,NA,Penicillin + Nystatin,2000,TRUE
01.10.23,4-MU,2,G1,Blank,NA,NA,NA,NA,2000,FALSE
01.10.23,4-MU,2,G2,Standard,NA,NA,NA,NA,0,FALSE
01.10.23,4-MU,2,G3,Standard,Faeces,NA,NA,NA,0,TRUE
01.10.23,4-MU,2,G4,Standard,NA,NA,NA,NA,0.1,FALSE
01.10.23,4-MU,2,G5,Standard,Faeces,NA,NA,NA,0.1,TRUE
01.10.23,4-MU,2,G6,Standard,NA,NA,NA,NA,0.2,FALSE
01.10.23,4-MU,2,G7,Standard,Faeces,NA,NA,NA,0.2,TRUE
01.10.23,4-MU,2,G8,Standard,NA,NA,NA,NA,0.5,FALSE
01.10.23,4-MU,2,G9,Standard,Faeces,NA,NA,NA,0.5,TRUE
01.10.23,4-MU,2,G10,Standard,NA,NA,NA,NA,1,FALSE
01.10.23,4-MU,2,G11,Standard,Faeces,NA,NA,NA,1,TRUE
01.10.23,4-MU,2,G12,Standard,NA,NA,NA,NA,2,FALSE
01.10.23,4-MU,2,H1,Standard,Faeces,NA,NA,NA,2,TRUE
01.10.23,4-MU,2,H2,Standard,NA,NA,NA,NA,5,FALSE
01.10.23,4-MU,2,H3,Standard,Faeces,NA,NA,NA,5,TRUE
01.10.23,4-MU,2,H4,Standard,NA,NA,NA,NA,10,FALSE
01.10.23,4-MU,2,H5,Standard,Faeces,NA,NA,NA,10,TRUE
01.10.23,4-MU,2,H6,Standard,NA,NA,NA,NA,20,FALSE
01.10.23,4-MU,2,H7,Standard,Faeces,NA,NA,NA,20,TRUE
01.10.23,4-MU,2,H8,Standard,NA,NA,NA,NA,50,FALSE
01.10.23,4-MU,2,H9,Standard,Faeces,NA,NA,NA,50,TRUE
01.10.23,4-MU,2,H10,Standard,NA,NA,NA,NA,100,FALSE
01.10.23,4-MU,2,H11,Standard,Faeces,NA,NA,NA,100,TRUE
01.10.23,4-MU,2,H12,Standard,Faeces,NA,NA,NA,150,TRUE
01.10.23,4-MU,3,A1,Sample,Faeces,NA,NA,Control,2000,TRUE
01.10.23,4-MU,3,A2,Sample,Faeces,NA,NA,Control,2000,TRUE
01.10.23,4-MU,3,A3,Sample,Faeces,NA,NA,Control,2000,TRUE
01.10.23,4-MU,3,A4,Sample,Faeces,NA,NA,Penicillin,2000,TRUE
01.10.23,4-MU,3,A5,Sample,Faeces,NA,NA,Penicillin,2000,TRUE
01.10.23,4-MU,3,A6,Sample,Faeces,NA,NA,Penicillin,2000,TRUE
01.10.23,4-MU,3,A7,Sample,Faeces,NA,NA,Nystatin,2000,TRUE
01.10.23,4-MU,3,A8,Sample,Faeces,NA,NA,Nystatin,2000,TRUE
01.10.23,4-MU,3,A9,Sample,Faeces,NA,NA,Nystatin,2000,TRUE
01.10.23,4-MU,3,A10,Sample,Faeces,NA,NA,Penicillin + Nystatin,2000,TRUE
01.10.23,4-MU,3,A11,Sample,Faeces,NA,NA,Penicillin + Nystatin,2000,TRUE
01.10.23,4-MU,3,A12,Sample,Faeces,NA,NA,Penicillin + Nystatin,2000,TRUE
01.10.23,4-MU,3,B1,Sample,Faeces,NA,NA,Control,2000,TRUE
01.10.23,4-MU,3,B2,Sample,Faeces,NA,NA,Control,2000,TRUE
01.10.23,4-MU,3,B3,Sample,Faeces,NA,NA,Control,2000,TRUE
01.10.23,4-MU,3,B4,Sample,Faeces,NA,NA,Penicillin,2000,TRUE
01.10.23,4-MU,3,B5,Sample,Faeces,NA,NA,Penicillin,2000,TRUE
01.10.23,4-MU,3,B6,Sample,Faeces,NA,NA,Penicillin,2000,TRUE
01.10.23,4-MU,3,B7,Sample,Faeces,NA,NA,Nystatin,2000,TRUE
01.10.23,4-MU,3,B8,Sample,Faeces,NA,NA,Nystatin,2000,TRUE
01.10.23,4-MU,3,B9,Sample,Faeces,NA,NA,Nystatin,2000,TRUE
01.10.23,4-MU,3,B10,Sample,Faeces,NA,NA,Penicillin + Nystatin,2000,TRUE
01.10.23,4-MU,3,B11,Sample,Faeces,NA,NA,Penicillin + Nystatin,2000,TRUE
01.10.23,4-MU,3,B12,Sample,Faeces,NA,NA,Penicillin + Nystatin,2000,TRUE
01.10.23,4-MU,3,C1,Sample,Faeces,NA,NA,Control,2000,TRUE
01.10.23,4-MU,3,C2,Sample,Faeces,NA,NA,Control,2000,TRUE
01.10.23,4-MU,3,C3,Sample,Faeces,NA,NA,Control,2000,TRUE
01.10.23,4-MU,3,C4,Sample,Faeces,NA,NA,Penicillin,2000,TRUE
01.10.23,4-MU,3,C5,Sample,Faeces,NA,NA,Penicillin,2000,TRUE
01.10.23,4-MU,3,C6,Sample,Faeces,NA,NA,Penicillin,2000,TRUE
01.10.23,4-MU,3,C7,Sample,Faeces,NA,NA,Nystatin,2000,TRUE
01.10.23,4-MU,3,C8,Sample,Faeces,NA,NA,Nystatin,2000,TRUE
01.10.23,4-MU,3,C9,Sample,Faeces,NA,NA,Nystatin,2000,TRUE
01.10.23,4-MU,3,C10,Sample,Faeces,NA,NA,Penicillin + Nystatin,2000,TRUE
01.10.23,4-MU,3,C11,Sample,Faeces,NA,NA,Penicillin + Nystatin,2000,TRUE
01.10.23,4-MU,3,C12,Sample,Faeces,NA,NA,Penicillin + Nystatin,2000,TRUE
01.10.23,4-MU,3,D1,Sample,Faeces,NA,NA,Control,2000,TRUE
01.10.23,4-MU,3,D2,Sample,Faeces,NA,NA,Control,2000,TRUE
01.10.23,4-MU,3,D3,Sample,Faeces,NA,NA,Control,2000,TRUE
01.10.23,4-MU,3,D4,Sample,Faeces,NA,NA,Penicillin,2000,TRUE
01.10.23,4-MU,3,D5,Sample,Faeces,NA,NA,Penicillin,2000,TRUE
01.10.23,4-MU,3,D6,Sample,Faeces,NA,NA,Penicillin,2000,TRUE
01.10.23,4-MU,3,D7,Sample,Faeces,NA,NA,Nystatin,2000,TRUE
01.10.23,4-MU,3,D8,Sample,Faeces,NA,NA,Nystatin,2000,TRUE
01.10.23,4-MU,3,D9,Sample,Faeces,NA,NA,Nystatin,2000,TRUE
01.10.23,4-MU,3,D10,Sample,Faeces,NA,NA,Penicillin + Nystatin,2000,TRUE
01.10.23,4-MU,3,D11,Sample,Faeces,NA,NA,Penicillin + Nystatin,2000,TRUE
01.10.23,4-MU,3,D12,Sample,Faeces,NA,NA,Penicillin + Nystatin,2000,TRUE
01.10.23,4-MU,3,E1,Sample,Faeces,NA,NA,Control,2000,TRUE
01.10.23,4-MU,3,E2,Sample,Faeces,NA,NA,Control,2000,TRUE
01.10.23,4-MU,3,E3,Sample,Faeces,NA,NA,Control,2000,TRUE
01.10.23,4-MU,3,E4,Sample,Faeces,NA,NA,Penicillin,2000,TRUE
01.10.23,4-MU,3,E5,Sample,Faeces,NA,NA,Penicillin,2000,TRUE
01.10.23,4-MU,3,E6,Sample,Faeces,NA,NA,Penicillin,2000,TRUE
01.10.23,4-MU,3,E7,Sample,Faeces,NA,NA,Nystatin,2000,TRUE
01.10.23,4-MU,3,E8,Sample,Faeces,NA,NA,Nystatin,2000,TRUE
01.10.23,4-MU,3,E9,Sample,Faeces,NA,NA,Nystatin,2000,TRUE
01.10.23,4-MU,3,E10,Sample,Faeces,NA,NA,Penicillin + Nystatin,2000,TRUE
01.10.23,4-MU,3,E11,Sample,Faeces,NA,NA,Penicillin + Nystatin,2000,TRUE
01.10.23,4-MU,3,E12,Sample,Faeces,NA,NA,Penicillin + Nystatin,2000,TRUE
01.10.23,4-MU,3,F1,Sample,Faeces,NA,NA,Control,2000,TRUE
01.10.23,4-MU,3,F2,Sample,Faeces,NA,NA,Control,2000,TRUE
01.10.23,4-MU,3,F3,Sample,Faeces,NA,NA,Control,2000,TRUE
01.10.23,4-MU,3,F4,Sample,Faeces,NA,NA,Penicillin,2000,TRUE
01.10.23,4-MU,3,F5,Sample,Faeces,NA,NA,Penicillin,2000,TRUE
01.10.23,4-MU,3,F6,Sample,Faeces,NA,NA,Penicillin,2000,TRUE
01.10.23,4-MU,3,F7,Sample,Faeces,NA,NA,Nystatin,2000,TRUE
01.10.23,4-MU,3,F8,Sample,Faeces,NA,NA,Nystatin,2000,TRUE
01.10.23,4-MU,3,F9,Sample,Faeces,NA,NA,Nystatin,2000,TRUE
01.10.23,4-MU,3,F10,Sample,Faeces,NA,NA,Penicillin + Nystatin,2000,TRUE
01.10.23,4-MU,3,F11,Sample,Faeces,NA,NA,Penicillin + Nystatin,2000,TRUE
01.10.23,4-MU,3,F12,Sample,Faeces,NA,NA,Penicillin + Nystatin,2000,TRUE
01.10.23,4-MU,3,G1,Blank,NA,NA,NA,NA,2000,FALSE
01.10.23,4-MU,3,G2,Standard,NA,NA,NA,NA,0,FALSE
01.10.23,4-MU,3,G3,Standard,Faeces,NA,NA,NA,0,TRUE
01.10.23,4-MU,3,G4,Standard,NA,NA,NA,NA,0.1,FALSE
01.10.23,4-MU,3,G5,Standard,Faeces,NA,NA,NA,0.1,TRUE
01.10.23,4-MU,3,G6,Standard,NA,NA,NA,NA,0.2,FALSE
01.10.23,4-MU,3,G7,Standard,Faeces,NA,NA,NA,0.2,TRUE
01.10.23,4-MU,3,G8,Standard,NA,NA,NA,NA,0.5,FALSE
01.10.23,4-MU,3,G9,Standard,Faeces,NA,NA,NA,0.5,TRUE
01.10.23,4-MU,3,G10,Standard,NA,NA,NA,NA,1,FALSE
01.10.23,4-MU,3,G11,Standard,Faeces,NA,NA,NA,1,TRUE
01.10.23,4-MU,3,G12,Standard,NA,NA,NA,NA,2,FALSE
01.10.23,4-MU,3,H1,Standard,Faeces,NA,NA,NA,2,TRUE
01.10.23,4-MU,3,H2,Standard,NA,NA,NA,NA,5,FALSE
01.10.23,4-MU,3,H3,Standard,Faeces,NA,NA,NA,5,TRUE
01.10.23,4-MU,3,H4,Standard,NA,NA,NA,NA,10,FALSE
01.10.23,4-MU,3,H5,Standard,Faeces,NA,NA,NA,10,TRUE
01.10.23,4-MU,3,H6,Standard,NA,NA,NA,NA,20,FALSE
01.10.23,4-MU,3,H7,Standard,Faeces,NA,NA,NA,20,TRUE
01.10.23,4-MU,3,H8,Standard,NA,NA,NA,NA,50,FALSE
01.10.23,4-MU,3,H9,Standard,Faeces,NA,NA,NA,50,TRUE
01.10.23,4-MU,3,H10,Standard,NA,NA,NA,NA,100,FALSE
01.10.23,4-MU,3,H11,Standard,Faeces,NA,NA,NA,100,TRUE
01.10.23,4-MU,3,H12,Standard,Faeces,NA,NA,NA,150,TRUE
01.10.23,4-MU,4,A1,Sample,Faeces,NA,NA,Control,2000,TRUE
01.10.23,4-MU,4,A2,Sample,Faeces,NA,NA,Control,2000,TRUE
01.10.23,4-MU,4,A3,Sample,Faeces,NA,NA,Control,2000,TRUE
01.10.23,4-MU,4,A4,Sample,Faeces,NA,NA,Penicillin,2000,TRUE
01.10.23,4-MU,4,A5,Sample,Faeces,NA,NA,Penicillin,2000,TRUE
01.10.23,4-MU,4,A6,Sample,Faeces,NA,NA,Penicillin,2000,TRUE
01.10.23,4-MU,4,A7,Sample,Faeces,NA,NA,Nystatin,2000,TRUE
01.10.23,4-MU,4,A8,Sample,Faeces,NA,NA,Nystatin,2000,TRUE
01.10.23,4-MU,4,A9,Sample,Faeces,NA,NA,Nystatin,2000,TRUE
01.10.23,4-MU,4,A10,Sample,Faeces,NA,NA,Penicillin + Nystatin,2000,TRUE
01.10.23,4-MU,4,A11,Sample,Faeces,NA,NA,Penicillin + Nystatin,2000,TRUE
01.10.23,4-MU,4,A12,Sample,Faeces,NA,NA,Penicillin + Nystatin,2000,TRUE
01.10.23,4-MU,4,B1,Sample,Faeces,NA,NA,Control,2000,TRUE
01.10.23,4-MU,4,B2,Sample,Faeces,NA,NA,Control,2000,TRUE
01.10.23,4-MU,4,B3,Sample,Faeces,NA,NA,Control,2000,TRUE
01.10.23,4-MU,4,B4,Sample,Faeces,NA,NA,Penicillin,2000,TRUE
01.10.23,4-MU,4,B5,Sample,Faeces,NA,NA,Penicillin,2000,TRUE
01.10.23,4-MU,4,B6,Sample,Faeces,NA,NA,Penicillin,2000,TRUE
01.10.23,4-MU,4,B7,Sample,Faeces,NA,NA,Nystatin,2000,TRUE
01.10.23,4-MU,4,B8,Sample,Faeces,NA,NA,Nystatin,2000,TRUE
01.10.23,4-MU,4,B9,Sample,Faeces,NA,NA,Nystatin,2000,TRUE
01.10.23,4-MU,4,B10,Sample,Faeces,NA,NA,Penicillin + Nystatin,2000,TRUE
01.10.23,4-MU,4,B11,Sample,Faeces,NA,NA,Penicillin + Nystatin,2000,TRUE
01.10.23,4-MU,4,B12,Sample,Faeces,NA,NA,Penicillin + Nystatin,2000,TRUE
01.10.23,4-MU,4,C1,Sample,Faeces,NA,NA,Control,2000,TRUE
01.10.23,4-MU,4,C2,Sample,Faeces,NA,NA,Control,2000,TRUE
01.10.23,4-MU,4,C3,Sample,Faeces,NA,NA,Control,2000,TRUE
01.10.23,4-MU,4,C4,Sample,Faeces,NA,NA,Penicillin,2000,TRUE
01.10.23,4-MU,4,C5,Sample,Faeces,NA,NA,Penicillin,2000,TRUE
01.10.23,4-MU,4,C6,Sample,Faeces,NA,NA,Penicillin,2000,TRUE
01.10.23,4-MU,4,C7,Sample,Faeces,NA,NA,Nystatin,2000,TRUE
01.10.23,4-MU,4,C8,Sample,Faeces,NA,NA,Nystatin,2000,TRUE
01.10.23,4-MU,4,C9,Sample,Faeces,NA,NA,Nystatin,2000,TRUE
01.10.23,4-MU,4,C10,Sample,Faeces,NA,NA,Penicillin + Nystatin,2000,TRUE
01.10.23,4-MU,4,C11,Sample,Faeces,NA,NA,Penicillin + Nystatin,2000,TRUE
01.10.23,4-MU,4,C12,Sample,Faeces,NA,NA,Penicillin + Nystatin,2000,TRUE
01.10.23,4-MU,4,D1,Sample,Faeces,NA,NA,Control,2000,TRUE
01.10.23,4-MU,4,D2,Sample,Faeces,NA,NA,Control,2000,TRUE
01.10.23,4-MU,4,D3,Sample,Faeces,NA,NA,Control,2000,TRUE
01.10.23,4-MU,4,D4,Sample,Faeces,NA,NA,Penicillin,2000,TRUE
01.10.23,4-MU,4,D5,Sample,Faeces,NA,NA,Penicillin,2000,TRUE
01.10.23,4-MU,4,D6,Sample,Faeces,NA,NA,Penicillin,2000,TRUE
01.10.23,4-MU,4,D7,Sample,Faeces,NA,NA,Nystatin,2000,TRUE
01.10.23,4-MU,4,D8,Sample,Faeces,NA,NA,Nystatin,2000,TRUE
01.10.23,4-MU,4,D9,Sample,Faeces,NA,NA,Nystatin,2000,TRUE
01.10.23,4-MU,4,D10,Sample,Faeces,NA,NA,Penicillin + Nystatin,2000,TRUE
01.10.23,4-MU,4,D11,Sample,Faeces,NA,NA,Penicillin + Nystatin,2000,TRUE
01.10.23,4-MU,4,D12,Sample,Faeces,NA,NA,Penicillin + Nystatin,2000,TRUE
01.10.23,4-MU,4,E1,Sample,Faeces,NA,NA,Control,2000,TRUE
01.10.23,4-MU,4,E2,Sample,Faeces,NA,NA,Control,2000,TRUE
01.10.23,4-MU,4,E3,Sample,Faeces,NA,NA,Control,2000,TRUE
01.10.23,4-MU,4,E4,Sample,Faeces,NA,NA,Penicillin,2000,TRUE
01.10.23,4-MU,4,E5,Sample,Faeces,NA,NA,Penicillin,2000,TRUE
01.10.23,4-MU,4,E6,Sample,Faeces,NA,NA,Penicillin,2000,TRUE
01.10.23,4-MU,4,E7,Sample,Faeces,NA,NA,Nystatin,2000,TRUE
01.10.23,4-MU,4,E8,Sample,Faeces,NA,NA,Nystatin,2000,TRUE
01.10.23,4-MU,4,E9,Sample,Faeces,NA,NA,Nystatin,2000,TRUE
01.10.23,4-MU,4,E10,Sample,Faeces,NA,NA,Penicillin + Nystatin,2000,TRUE
01.10.23,4-MU,4,E11,Sample,Faeces,NA,NA,Penicillin + Nystatin,2000,TRUE
01.10.23,4-MU,4,E12,Sample,Faeces,NA,NA,Penicillin + Nystatin,2000,TRUE
01.10.23,4-MU,4,F1,Sample,Faeces,NA,NA,Control,2000,TRUE
01.10.23,4-MU,4,F2,Sample,Faeces,NA,NA,Control,2000,TRUE
01.10.23,4-MU,4,F3,Sample,Faeces,NA,NA,Control,2000,TRUE
01.10.23,4-MU,4,F4,Sample,Faeces,NA,NA,Penicillin,2000,TRUE
01.10.23,4-MU,4,F5,Sample,Faeces,NA,NA,Penicillin,2000,TRUE
01.10.23,4-MU,4,F6,Sample,Faeces,NA,NA,Penicillin,2000,TRUE
01.10.23,4-MU,4,F7,Sample,Faeces,NA,NA,Nystatin,2000,TRUE
01.10.23,4-MU,4,F8,Sample,Faeces,NA,NA,Nystatin,2000,TRUE
01.10.23,4-MU,4,F9,Sample,Faeces,NA,NA,Nystatin,2000,TRUE
01.10.23,4-MU,4,F10,Sample,Faeces,NA,NA,Penicillin + Nystatin,2000,TRUE
01.10.23,4-MU,4,F11,Sample,Faeces,NA,NA,Penicillin + Nystatin,2000,TRUE
01.10.23,4-MU,4,F12,Sample,Faeces,NA,NA,Penicillin + Nystatin,2000,TRUE
01.10.23,4-MU,4,G1,Blank,NA,NA,NA,NA,2000,FALSE
01.10.23,4-MU,4,G2,Standard,NA,NA,NA,NA,0,FALSE
01.10.23,4-MU,4,G3,Standard,Faeces,NA,NA,NA,0,TRUE
01.10.23,4-MU,4,G4,Standard,NA,NA,NA,NA,0.1,FALSE
01.10.23,4-MU,4,G5,Standard,Faeces,NA,NA,NA,0.1,TRUE
01.10.23,4-MU,4,G6,Standard,NA,NA,NA,NA,0.2,FALSE
01.10.23,4-MU,4,G7,Standard,Faeces,NA,NA,NA,0.2,TRUE
01.10.23,4-MU,4,G8,Standard,NA,NA,NA,NA,0.5,FALSE
01.10.23,4-MU,4,G9,Standard,Faeces,NA,NA,NA,0.5,TRUE
01.10.23,4-MU,4,G10,Standard,NA,NA,NA,NA,1,FALSE
01.10.23,4-MU,4,G11,Standard,Faeces,NA,NA,NA,1,TRUE
01.10.23,4-MU,4,G12,Standard,NA,NA,NA,NA,2,FALSE
01.10.23,4-MU,4,H1,Standard,Faeces,NA,NA,NA,2,TRUE
01.10.23,4-MU,4,H2,Standard,NA,NA,NA,NA,5,FALSE
01.10.23,4-MU,4,H3,Standard,Faeces,NA,NA,NA,5,TRUE
01.10.23,4-MU,4,H4,Standard,NA,NA,NA,NA,10,FALSE
01.10.23,4-MU,4,H5,Standard,Faeces,NA,NA,NA,10,TRUE
01.10.23,4-MU,4,H6,Standard,NA,NA,NA,NA,20,FALSE
01.10.23,4-MU,4,H7,Standard,Faeces,NA,NA,NA,20,TRUE
01.10.23,4-MU,4,H8,Standard,NA,NA,NA,NA,50,FALSE
01.10.23,4-MU,4,H9,Standard,Faeces,NA,NA,NA,50,TRUE
01.10.23,4-MU,4,H10,Standard,NA,NA,NA,NA,100,FALSE
01.10.23,4-MU,4,H11,Standard,Faeces,NA,NA,NA,100,TRUE
01.10.23,4-MU,4,H12,Standard,Faeces,NA,NA,NA,150,TRUE